Image_id,blast,brown,healthy
id_00vl5wvxq3.jpg,0.999411940574646,0.000435200403444469,0.00015285437984857708
id_01hu05mtch.jpg,2.4895820388337597e-05,0.999966025352478,9.125225005846005e-06
id_030ln10ewn.jpg,0.09111382067203522,0.8833823800086975,0.02550378255546093
id_03z57m8xht.jpg,0.999987006187439,5.42147472515353e-06,7.572346021333942e-06
id_04ngep1w4b.jpg,0.9320423007011414,0.06345205754041672,0.004505613353103399
id_050c6jzczt.jpg,0.04230363294482231,0.9491097927093506,0.00858654547482729
id_062s7kr3jp.jpg,0.9441767334938049,0.026495320722460747,0.02932792715728283
id_066v0v19bm.jpg,0.9084765315055847,0.07118848711252213,0.020334942266345024
id_07v2dwvq17.jpg,0.03975938260555267,0.8606129884719849,0.09962766617536545
id_084yoijkju.jpg,0.9999843835830688,1.4065336472413037e-05,1.607518697710475e-06
id_089nmtd1v0.jpg,0.9997902512550354,0.00014327710960060358,6.649077840847895e-05
id_0ane7k90m0.jpg,0.9998441934585571,1.081990103557473e-05,0.0001449880946893245
id_0e7wk9uzq3.jpg,0.9984951019287109,0.00018236105097457767,0.0013225998263806105
id_0f43lwh2ve.jpg,3.6446613194129895e-06,0.9999954700469971,9.182802500617981e-07
id_0gutmn510g.jpg,0.05284372717142105,0.004419810604304075,0.9427365064620972
id_0ivqysjaf3.jpg,0.9982169270515442,7.192862540250644e-05,0.001711205579340458
id_0jv00ddllp.jpg,0.9999059438705444,1.886493805614009e-06,9.208489791490138e-05
id_0jvgjlu6db.jpg,0.9999971389770508,4.822888968192274e-07,2.4240982838819036e-06
id_0kb1k9p3ox.jpg,0.001738807768560946,0.0030807938892394304,0.9951803684234619
id_0ptdk3a5vq.jpg,9.67166488408111e-06,0.9999898672103882,4.7269512037928507e-07
id_0r2hdgahag.jpg,0.08291257917881012,0.05168444290757179,0.8654029965400696
id_0rye0m9k8n.jpg,0.768966019153595,0.23083247244358063,0.00020148167095612735
id_0s71zmqgab.jpg,0.0003100809990428388,0.00012170726404292509,0.9995682835578918
id_0s8jfre56d.jpg,0.9990803003311157,0.0009064465994015336,1.3179454072087537e-05
id_0s8p3xe7ox.jpg,5.685060841642553e-06,0.9995866417884827,0.000407662708312273
id_0sfi1usm7o.jpg,0.02260996215045452,0.8692243695259094,0.10816565155982971
id_0sj2nj0iv8.jpg,5.3200624279270414e-06,0.0023642752785235643,0.9976303577423096
id_0sk77pcna4.jpg,0.9040190577507019,0.003555333474650979,0.09242555499076843
id_0u5yyljlni.jpg,4.533086030278355e-05,0.9999251365661621,2.9516178983612917e-05
id_0wmuruj6vc.jpg,0.996483325958252,0.0008522166172042489,0.00266441167332232
id_0x8ufanyyl.jpg,0.9997391104698181,9.01054372661747e-05,0.00017075022333301604
id_0zmihf5mrh.jpg,0.007994059473276138,0.9917998909950256,0.00020608051272574812
id_102rthzp5d.jpg,0.0010101675288751721,0.9965482354164124,0.0024416502565145493
id_10jv6d35ge.jpg,0.9997027516365051,9.722732102090959e-06,0.00028745687450282276
id_10wvvleobw.jpg,0.9400989413261414,0.018741730600595474,0.041159261018037796
id_12exehmn04.jpg,0.9992689490318298,0.0006316115614026785,9.942649194272235e-05
id_12sbto2xb5.jpg,0.9999094009399414,9.058739669853821e-05,2.060795090130796e-08
id_15kgdxivta.jpg,0.9931714534759521,0.006797530222684145,3.1006249628262594e-05
id_16cw42588b.jpg,0.0002711004053708166,0.8971954584121704,0.10253345966339111
id_172v32sjrd.jpg,0.005476659629493952,0.5094478726387024,0.4850754737854004
id_185nae1uwe.jpg,0.9986028075218201,0.0013431576080620289,5.404491093941033e-05
id_18dbof864z.jpg,0.9998387098312378,0.00012951059034094214,3.168567127431743e-05
id_18gc0uojou.jpg,0.002199620706960559,0.9977924823760986,7.868726243032143e-06
id_18tvychr6u.jpg,0.0007335220579989254,0.014935791492462158,0.9843307137489319
id_1abk7wnlia.jpg,0.99429851770401,6.1050959629938e-05,0.005640489049255848
id_1b75oukcu7.jpg,0.9846055507659912,0.00927781779319048,0.006116657517850399
id_1biitp0gbc.jpg,9.199243504554033e-05,0.9998874664306641,2.0514389689196832e-05
id_1bwteyjgef.jpg,0.9999992847442627,5.671005283147679e-07,8.42312175564075e-08
id_1cgkf5k10j.jpg,0.9999998807907104,3.87278902280741e-08,9.617457408239716e-08
id_1faueyfqyx.jpg,0.00029175085364840925,0.011151263490319252,0.988556981086731
id_1gkr07e0kd.jpg,0.999834418296814,0.00014764619118068367,1.7932352420757525e-05
id_1gn0og83mi.jpg,0.00016012914420571178,0.0016885410295799375,0.9981512427330017
id_1gxrc02que.jpg,0.12704317271709442,0.8717851638793945,0.0011716923909261823
id_1i4c79c9ji.jpg,0.9997323155403137,2.9454943160089897e-06,0.0002646346401888877
id_1i5v2j4sax.jpg,0.0019096245523542166,0.995563268661499,0.0025271382182836533
id_1j1edjfd4f.jpg,2.9511611501220614e-06,0.9999845027923584,1.2559736205730587e-05
id_1jex1cbzqz.jpg,0.8597212433815002,0.1325291246175766,0.007749668322503567
id_1jklgpd8d6.jpg,0.9999773502349854,2.0189396309433505e-05,2.5517783797113225e-06
id_1krj65y404.jpg,0.9995794892311096,0.00041456788312643766,5.948124908172758e-06
id_1m6n769g91.jpg,0.989843487739563,0.009787491522729397,0.0003689419536385685
id_1nfivdxg3k.jpg,0.9998051524162292,4.644862565328367e-05,0.00014841463416814804
id_1nrkalt5m2.jpg,0.9790538549423218,0.01697038859128952,0.003975688945502043
id_1p26yf26ad.jpg,0.9988815188407898,0.0010927899274975061,2.5750216082087718e-05
id_1phhaetwp0.jpg,2.8567652407218702e-05,0.9999698400497437,1.55265058765508e-06
id_1q5254vwyn.jpg,0.9993826150894165,0.0006070594536140561,1.0258388101647142e-05
id_1s51xf1hzi.jpg,0.9721644520759583,0.0001808471279218793,0.027654772624373436
id_1sju9mce8x.jpg,4.050481493322877e-06,0.9999951124191284,8.294844064948848e-07
id_1sobp25gqr.jpg,0.9999912977218628,5.47765239389264e-06,3.245355173930875e-06
id_1tajvlo77s.jpg,0.9997289776802063,1.8366506992606446e-05,0.0002527019823901355
id_1uoy9y28ci.jpg,0.4684877097606659,0.04177745804190636,0.4897348880767822
id_1w1zx50ks3.jpg,0.9998651742935181,4.763677134178579e-05,8.709060057299212e-05
id_1wkzflxkh6.jpg,0.9990750551223755,0.0006338414968922734,0.0002911168267019093
id_1xohzz86kf.jpg,0.996537446975708,0.0034602240193635225,2.3573813905386487e-06
id_1y0zncmgqb.jpg,0.9997658133506775,0.00021388402092270553,2.02097598958062e-05
id_1y37qz4ry0.jpg,0.9950968623161316,0.003307093633338809,0.0015960163436830044
id_1yrozih525.jpg,0.00027368453447707,0.9996850490570068,4.132984031457454e-05
id_1yzlxwmbtw.jpg,0.00046352241770364344,0.9896803498268127,0.00985605176538229
id_1zyv1iq9ke.jpg,0.9679514765739441,0.029248639941215515,0.0027999042067676783
id_202qmgptos.jpg,0.9999667406082153,9.550602044328116e-06,2.3700085876043886e-05
id_20jy1dng9w.jpg,0.9985954165458679,4.521397204371169e-05,0.0013593373587355018
id_20lxhltxfh.jpg,0.9959685802459717,0.0034468513913452625,0.0005845893756486475
id_222sm7fvpz.jpg,1.602537668077275e-05,0.9999418258666992,4.214862929075025e-05
id_22xrmf5o43.jpg,0.9999862909317017,1.2846738854932482e-06,1.2413717740855645e-05
id_23frz85y4q.jpg,0.8971424698829651,0.10281375795602798,4.3778134568128735e-05
id_2429vw33is.jpg,1.8397804524283856e-05,0.9999781847000122,3.4074996619892772e-06
id_244q5yfpok.jpg,0.9999527931213379,1.2044494724250399e-05,3.521947292028926e-05
id_25b366alwi.jpg,0.0005552390939556062,0.0062363361939787865,0.9932083487510681
id_2634btzlwa.jpg,9.684323595138267e-05,0.002642786828801036,0.997260332107544
id_29147ujazi.jpg,0.9989587068557739,0.0010374453850090504,3.803688514381065e-06
id_29ua75zqlo.jpg,0.0023676822893321514,0.0006254198960959911,0.9970069527626038
id_2btc6aaiul.jpg,3.4033102565445006e-05,0.9997898936271667,0.0001760982268024236
id_2dc984fdle.jpg,0.0006933502154424787,0.2078532576560974,0.7914533615112305
id_2e6287ty0v.jpg,0.9776033163070679,0.0177389495074749,0.004657672718167305
id_2f0o0mfu1g.jpg,0.9611772298812866,0.00454976549372077,0.03427295759320259
id_2fljyfm5he.jpg,0.99442458152771,0.005347340367734432,0.00022813217947259545
id_2ifmsk6xpl.jpg,0.9999234676361084,7.631145854247734e-05,2.0372196729567804e-07
id_2ku67cg3ud.jpg,0.9720619916915894,0.02710362710058689,0.0008344461093656719
id_2nmj22clly.jpg,0.01497101504355669,2.5490595362498425e-05,0.9850035309791565
id_2o6mpuqjj6.jpg,0.9993491768836975,0.00020885467529296875,0.00044202309800311923
id_2pybialww7.jpg,3.749539973796345e-05,0.999278724193573,0.0006837878609076142
id_2q6g4ubcn3.jpg,0.9989318251609802,0.0007678093970753253,0.0003002950397785753
id_2uahvm6nlz.jpg,0.9995445609092712,2.1254309103824198e-05,0.0004342096217442304
id_2y87y866kh.jpg,0.870475709438324,0.12884534895420074,0.0006789707113057375
id_2z9iw7acwj.jpg,0.0026120308320969343,0.030592117458581924,0.966795802116394
id_321v8nul8r.jpg,0.20576797425746918,0.7193634510040283,0.07486861944198608
id_32dfq1f0fz.jpg,0.006508546881377697,0.9934908151626587,6.299858341662912e-07
id_349dssqmyx.jpg,0.004000456538051367,0.20252476632595062,0.7934747338294983
id_3501x49zk6.jpg,0.004776719957590103,0.9950751662254333,0.00014813854068052024
id_35n9wtfzvj.jpg,0.9999332427978516,6.677921919617802e-05,3.157504480100215e-08
id_37dlaohacg.jpg,0.000525768322404474,0.9994224309921265,5.185072950553149e-05
id_38fgveupp6.jpg,1.3883000065106899e-06,0.9998569488525391,0.00014168907364364713
id_393toqusi5.jpg,0.9999898672103882,1.8126910390492412e-06,8.344010893779341e-06
id_398iuyjuiw.jpg,0.9999334812164307,6.613518780795857e-05,3.288297705239529e-07
id_3aw1x3lp00.jpg,0.9139295220375061,0.08577226102352142,0.0002981926081702113
id_3azjbcsaoz.jpg,0.8209548592567444,0.15676002204418182,0.02228512428700924
id_3b3ittba4m.jpg,0.9999675750732422,3.15969591611065e-05,8.045752224461467e-07
id_3bpvokar6a.jpg,7.515412289649248e-05,0.006240881979465485,0.9936840534210205
id_3bzlx5zdtc.jpg,8.126289685606025e-07,0.9999990463256836,1.846003669925267e-07
id_3eis2hodjf.jpg,0.9592649340629578,0.0005501536070369184,0.04018484055995941
id_3erzt7e8go.jpg,0.011719714850187302,0.0002893615746870637,0.9879909157752991
id_3ffiga0dbm.jpg,0.0038096478674560785,0.24020452797412872,0.7559857964515686
id_3hax4hkblt.jpg,0.9984429478645325,0.0015330531168729067,2.4027502149692737e-05
id_3hb0jpd195.jpg,0.00023788282123859972,0.9997621178627014,2.3615136512944446e-08
id_3k3bngsb0x.jpg,0.0010228333994746208,0.001718177692964673,0.9972589015960693
id_3o0cliy66y.jpg,0.03762469440698624,0.29943349957466125,0.6629418134689331
id_3oz6lfl9zh.jpg,0.9987126588821411,0.0012224853271618485,6.484767072834074e-05
id_3pxyuwfequ.jpg,0.9996048808097839,3.7533362046815455e-05,0.00035759570891968906
id_3q19pe5ap7.jpg,2.620505483719171e-06,0.9999456405639648,5.175710248295218e-05
id_3u167skcbr.jpg,0.9999432563781738,5.191497257328592e-05,4.781643838214222e-06
id_3u678if5sa.jpg,0.9997745156288147,7.30864776414819e-05,0.00015238516789395362
id_3utzbj8iwy.jpg,0.9993736147880554,0.00019020472245756537,0.0004361409810371697
id_3v9lrv6wd1.jpg,0.9999358654022217,5.3347863286035135e-05,1.0735772775660735e-05
id_3xxa7ein98.jpg,2.2708660253556445e-05,0.9998369216918945,0.00014030825695954263
id_3yzntalbvj.jpg,0.9997257590293884,9.042679448612034e-05,0.00018381280824542046
id_3zpci62t81.jpg,0.009014389477670193,0.7992638945579529,0.19172172248363495
id_3zr7d0lxtp.jpg,0.19197458028793335,0.7692422270774841,0.03878319263458252
id_40tq9ldy97.jpg,0.9999997615814209,2.1580089537565073e-07,6.335395763557017e-09
id_40x5h1zs7z.jpg,0.24854639172554016,0.5924538373947144,0.1589997559785843
id_4227oe5rcg.jpg,0.9724177122116089,0.0011223220499232411,0.026459893211722374
id_42eimytwax.jpg,2.4334078716492513e-06,0.9999972581863403,3.4448345331838937e-07
id_46tn6xbbos.jpg,0.09908836334943771,0.8439029455184937,0.05700872093439102
id_46xhul3ffj.jpg,0.6358848810195923,0.3627109229564667,0.0014041608665138483
id_497layo6y6.jpg,0.9994138479232788,5.106842945679091e-05,0.0005350182764232159
id_4b2kzejrzs.jpg,3.3302902011200786e-05,0.9999197721481323,4.697348776971921e-05
id_4c0y67btx0.jpg,0.9999544620513916,4.536817505140789e-05,1.098683739542139e-07
id_4c5fsx9t1g.jpg,0.9872617125511169,0.005493335425853729,0.007244943641126156
id_4e4hrr1doy.jpg,1.1073816494899802e-05,0.999982476234436,6.392844170477474e-06
id_4eokhx4xmu.jpg,8.58976854942739e-05,0.9998575448989868,5.649103331961669e-05
id_4eqly7ghcb.jpg,0.9996628761291504,0.0002998395066242665,3.7324436561902985e-05
id_4eyre09j24.jpg,5.938807225902565e-05,8.41994842630811e-05,0.9998564720153809
id_4ghoez8b3q.jpg,0.0018085537012666464,0.9836514592170715,0.014540016651153564
id_4hojjs1sqk.jpg,0.00017980295524466783,0.16927513480186462,0.8305450677871704
id_4i6zcdrwkr.jpg,0.0024683212395757437,0.9975160360336304,1.5703570170444436e-05
id_4jmwaj5c0z.jpg,0.003202419262379408,0.9282517433166504,0.068545863032341
id_4lowhbx63p.jpg,0.9959707856178284,0.0035765094216912985,0.0004527450364548713
id_4nvv0xethp.jpg,0.0001648582547204569,0.9995784163475037,0.0002567392657510936
id_4p09jwrfcd.jpg,0.9999935626983643,6.181205208122265e-06,2.6666654662221845e-07
id_4pa7clavwn.jpg,0.9955832362174988,0.0006350602488964796,0.0037817275151610374
id_4rnqd1qmsb.jpg,0.999517560005188,3.212173032807186e-05,0.0004503066884353757
id_4t04covpzf.jpg,0.00021566569921560585,0.00034871086245402694,0.9994356036186218
id_4vcmk255mj.jpg,0.9998928308486938,9.639820927986875e-05,1.0753949936770368e-05
id_4veqvgf276.jpg,0.4480803906917572,0.4186705946922302,0.13324902951717377
id_4xqyedo4gz.jpg,0.9957610964775085,0.004187125712633133,5.17681437486317e-05
id_4yrf1ograd.jpg,0.9942598342895508,0.004081827122718096,0.001658249762840569
id_4zusywq1cj.jpg,0.9779159426689148,0.02207876741886139,5.220051662035985e-06
id_50uwy9lssr.jpg,0.9965953230857849,0.0004168599552940577,0.0029877435881644487
id_510uss2kx6.jpg,0.999994158744812,2.2010935936123133e-06,3.6529595490719657e-06
id_566s519h3g.jpg,4.014313890365884e-05,0.999417781829834,0.0005420905654318631
id_56ig1njq37.jpg,0.7521487474441528,0.24759678542613983,0.0002544903545640409
id_584lgxnpb7.jpg,0.003369994694367051,0.001350699458271265,0.9952793121337891
id_58jg1k3s5r.jpg,0.9864915013313293,0.013506842777132988,1.661100327510212e-06
id_5c0o7whkhv.jpg,5.914331995882094e-05,0.08438616245985031,0.9155547022819519
id_5eilypqfff.jpg,0.0023816353641450405,0.9976105690002441,7.767172064632177e-06
id_5f20all309.jpg,2.3652717572986148e-05,0.001453193137422204,0.9985231757164001
id_5gn6rtfftv.jpg,0.08055394887924194,0.9191944599151611,0.0002516027307137847
id_5gz27g2s4l.jpg,0.9363821148872375,0.0634976401925087,0.00012023255112580955
id_5ixtcjsmuz.jpg,0.03613978996872902,0.9637196660041809,0.00014056364307180047
id_5k7qvp9fhc.jpg,0.2584036588668823,0.6322230696678162,0.1093733161687851
id_5k7vfi0zc5.jpg,0.9999758005142212,1.2986753972654697e-05,1.1231019925617147e-05
id_5lo7l0y0vb.jpg,0.9999232292175293,7.608246960444376e-05,7.022541126389115e-07
id_5lxm7mcsj2.jpg,0.003891782369464636,0.7742915153503418,0.22181664407253265
id_5nkfatffwe.jpg,0.2835472524166107,0.3782399296760559,0.33821284770965576
id_5vqbqpw7qn.jpg,0.9984239339828491,0.0008324139053002,0.000743633892852813
id_5w2fpqgby8.jpg,0.9633097052574158,0.036647215485572815,4.303883542888798e-05
id_5wcv5ugwhx.jpg,5.7393401220906526e-05,9.427488112123683e-05,0.9998482465744019
id_5ylgl2empi.jpg,0.9983419179916382,3.5745124478125945e-05,0.0016223436687141657
id_60qaklh3mk.jpg,0.3291108310222626,0.000755511864554137,0.670133650302887
id_61cw521nxd.jpg,1.6480676379160286e-07,0.9999998807907104,1.267681692951328e-08
id_63btdfqcnj.jpg,1.959433120646281e-06,0.999976396560669,2.166373815271072e-05
id_63pslknc7r.jpg,0.9658429622650146,0.006620653904974461,0.027536414563655853
id_63x62yn6ve.jpg,0.0002803084207698703,0.9990170001983643,0.0007026378298178315
id_648d4t1un5.jpg,0.014707605354487896,0.008557718247175217,0.9767346978187561
id_64a66iflbg.jpg,0.9916248917579651,0.007081289775669575,0.0012937610736116767
id_64xo3an59r.jpg,0.06024607643485069,0.9361371397972107,0.00361674465239048
id_6579czllj5.jpg,0.012308306060731411,0.01069316640496254,0.976998507976532
id_65fiexheye.jpg,6.96268180035986e-05,0.9998629093170166,6.747304723830894e-05
id_65igspysof.jpg,1.918128145916853e-05,0.00036852859193459153,0.9996122717857361
id_66bnbmp7o7.jpg,0.9835895895957947,0.010088288225233555,0.006322051864117384
id_66m9y7ilsm.jpg,0.9711447954177856,0.02554849162697792,0.003306675236672163
id_6bkgvuphbg.jpg,1.9686023733811453e-05,0.9997579455375671,0.00022242429258767515
id_6bypvyv5vv.jpg,0.08017528802156448,0.9132212996482849,0.006603379733860493
id_6c5hxxj9py.jpg,5.07304685015697e-06,0.999991774559021,3.135594170089462e-06
id_6eo3wokp04.jpg,0.9948070645332336,0.0007665448938496411,0.0044263931922614574
id_6g7fz3ndtp.jpg,0.9997841715812683,0.00015837696264497936,5.744699956267141e-05
id_6jcwemyxc9.jpg,0.9969109892845154,0.0026891566812992096,0.00039992955862544477
id_6jkdvdcvp3.jpg,0.002092678565531969,0.0003189123817719519,0.9975883960723877
id_6luuayw4ih.jpg,0.9940723776817322,0.005783631931990385,0.00014393214951269329
id_6mz1zd20su.jpg,0.8812246918678284,0.11823602765798569,0.0005392184248194098
id_6olr26yprl.jpg,1.2638970474654343e-05,0.9996138215065002,0.0003735819773282856
id_6ovjv98pi2.jpg,0.016140848398208618,0.9838523864746094,6.744171059835935e-06
id_6r3skclu2k.jpg,0.023741213604807854,0.0005199490115046501,0.9757388234138489
id_6r8f1xh0cc.jpg,0.004389611072838306,0.5207912921905518,0.4748190641403198
id_6rn80ow9sl.jpg,0.9828863739967346,0.00978886429220438,0.007324698846787214
id_6rpous9krp.jpg,0.0005640916060656309,0.003350443672388792,0.9960854053497314
id_6tjot777fk.jpg,0.9996424913406372,3.671696686069481e-05,0.0003208078851457685
id_6u4wgjbt95.jpg,0.9999878406524658,1.2104104825994e-05,1.059195309238703e-08
id_6vk6psro5s.jpg,2.5726210878929123e-05,0.9996935129165649,0.0002807460550684482
id_6z1bp84py1.jpg,2.3212196538224816e-06,0.9999631643295288,3.454807665548287e-05
id_700mwvc0vx.jpg,0.0009305414278060198,0.9977651834487915,0.001304260571487248
id_70oj3rugky.jpg,9.382991265738383e-05,0.9258794784545898,0.0740266740322113
id_70qqvj0pii.jpg,0.9999575614929199,5.8001032812171616e-06,3.655821274151094e-05
id_712bjojv2s.jpg,0.0012047674972563982,0.0020769021939486265,0.9967182278633118
id_7287yu0tkw.jpg,0.9999861717224121,2.198269385189633e-06,1.1674503184622154e-05
id_72ky4xkvsp.jpg,2.154757567041088e-05,0.9980903267860413,0.0018881181022152305
id_72zw6mjvgo.jpg,0.00022091645223554224,0.010177205316722393,0.9896017909049988
id_73a9naiehr.jpg,0.0012593475403264165,0.004924936220049858,0.9938157796859741
id_74359q2hrc.jpg,0.999190628528595,0.0006661368533968925,0.00014325333177112043
id_74gu2zkoxj.jpg,0.9976909160614014,5.947362296865322e-05,0.0022496681194752455
id_74i7knnaa6.jpg,0.0007770807715132833,0.9992018342018127,2.1087627828819677e-05
id_74qvz0t4fy.jpg,0.9998751878738403,0.00011362292570993304,1.124686787079554e-05
id_74zd0jtvso.jpg,0.18853798508644104,0.7450628876686096,0.06639909744262695
id_75pre3joob.jpg,0.0010590094607323408,0.9435626864433289,0.05537828803062439
id_75vovkuer9.jpg,0.5885806679725647,0.4000948667526245,0.011324465274810791
id_77ijc7wa3j.jpg,0.9999736547470093,7.942587217257824e-06,1.8298349459655583e-05
id_78v1qy0me7.jpg,0.9912267327308655,0.0008116152603179216,0.007961651310324669
id_792bgr58xm.jpg,0.00017891732568386942,0.000350172515027225,0.9994708895683289
id_7966xv6p5i.jpg,0.9999208450317383,5.9177273215027526e-05,2.0007111743325368e-05
id_7b4zf930o7.jpg,0.0006094894488342106,0.009467027150094509,0.9899234175682068
id_7dx69pxq4g.jpg,0.9892439842224121,0.010699980892241001,5.6019925978034735e-05
id_7eso2apebc.jpg,0.20862774550914764,0.02594807557761669,0.7654241919517517
id_7gs7jffsdm.jpg,0.9999992847442627,4.900871886093228e-07,2.0437883563317882e-07
id_7htglor42s.jpg,7.056129106786102e-05,0.9999291896820068,2.832823895460024e-07
id_7ivw1rdt60.jpg,0.00034824322210624814,0.987812340259552,0.011839433573186398
id_7j622hnfcq.jpg,0.8293076753616333,0.15476223826408386,0.01593010313808918
id_7l69draumk.jpg,0.9999456405639648,4.556084604701027e-05,8.841213457344566e-06
id_7mbzttiyjx.jpg,0.01162230409681797,0.9881601333618164,0.0002175753324991092
id_7mjwvizaz4.jpg,0.8466454744338989,3.6048953916179016e-05,0.15331852436065674
id_7nt5ym1rab.jpg,0.9916313290596008,0.0009907856583595276,0.007377960253506899
id_7nuvwqoznc.jpg,0.963528037071228,0.03629039600491524,0.00018161037587560713
id_7ox9hfrp2p.jpg,0.9307882189750671,0.06805609166622162,0.0011556248646229506
id_7piya8u1a5.jpg,0.9999371767044067,1.250940294994507e-05,5.033516572439112e-05
id_7qfre8d4gx.jpg,0.37530630826950073,0.6246687769889832,2.4899316485971212e-05
id_7r73s15wdu.jpg,0.9984575510025024,0.0014699164312332869,7.253417425090447e-05
id_7rkfw0pgej.jpg,0.9979318380355835,0.0020290047395974398,3.918006405001506e-05
id_7sseaeewuh.jpg,0.9999921321868896,7.513176115025999e-06,3.2278239814331755e-07
id_7suxzhgr6k.jpg,0.002467586426064372,0.9902359843254089,0.007296426221728325
id_7t4t4nuo1y.jpg,0.006368250586092472,0.9932929277420044,0.000338791316607967
id_7troz2ms9w.jpg,0.9383975863456726,0.05964774638414383,0.0019546295516192913
id_7urr8falap.jpg,0.9989407658576965,0.0008136315736919641,0.0002456921502016485
id_7wqwcmi8rt.jpg,2.497474088158924e-05,0.9927452206611633,0.007229786831885576
id_7wukxcmpbd.jpg,0.8096326589584351,0.0001825147628551349,0.1901848465204239
id_7wvj41qgu8.jpg,5.908443563384935e-05,0.9999328851699829,7.969281796249561e-06
id_7y7kizouj3.jpg,0.9985223412513733,0.0013973903842270374,8.028655429370701e-05
id_7z7c7yav4z.jpg,0.2789910137653351,0.7131406664848328,0.00786836538463831
id_7zso8x5txl.jpg,0.013368628919124603,0.9627785682678223,0.02385275810956955
id_80uy76npvy.jpg,2.3041381780330994e-07,0.9999992847442627,4.388159595691832e-07
id_8285wr8lqi.jpg,0.0035248189233243465,0.987532913684845,0.008942348882555962
id_856sqmfzwg.jpg,0.2560441493988037,0.650153636932373,0.09380222111940384
id_85x8auxsl3.jpg,0.00014458181976806372,0.9998552799224854,9.822648650015253e-08
id_890agl8zkx.jpg,0.00019475343287922442,0.0020237502176314592,0.9977815747261047
id_8aximw3gbo.jpg,4.263494702172466e-06,0.9999045133590698,9.122554183704779e-05
id_8c4pq31jju.jpg,0.3627801835536957,0.003827325999736786,0.6333925127983093
id_8dbdn90bmg.jpg,0.0011859943624585867,0.9983213543891907,0.0004925907123833895
id_8fbilb09da.jpg,0.0018254340393468738,0.07903197407722473,0.9191425442695618
id_8gyccu6fn0.jpg,0.0005030633183196187,0.9887886643409729,0.010708266869187355
id_8h2vdiwjnf.jpg,0.9999982118606567,1.7627050965529634e-06,5.62866464548506e-09
id_8i3h5j0qqd.jpg,0.9989812970161438,0.0010126325068995357,6.040523203409975e-06
id_8iwoos555d.jpg,0.9992164373397827,0.0003022291057277471,0.0004813729610759765
id_8j9vk5ljpd.jpg,9.216585567628499e-06,0.9975419044494629,0.0024488805793225765
id_8jsjliuxmu.jpg,0.9996789693832397,0.0002077093522530049,0.00011335539602441713
id_8kctxkxhml.jpg,0.000269218347966671,0.9420093894004822,0.05772135779261589
id_8km8v0obx1.jpg,0.00010628666495904326,0.00014405099500436336,0.9997496008872986
id_8l7f4q4tfu.jpg,0.9999998807907104,3.5038805190623634e-09,1.608769792937892e-07
id_8mja6ti650.jpg,0.1543571799993515,0.8436444401741028,0.0019983635284006596
id_8nlg2xb2is.jpg,0.32056939601898193,0.3311859369277954,0.34824469685554504
id_8o5a4nezxp.jpg,0.9813674092292786,0.014028411358594894,0.004604215268045664
id_8odmdfi7iz.jpg,0.00033617389271967113,0.9987084865570068,0.0009553933632560074
id_8oeekx1062.jpg,2.3570320990984328e-05,0.00041868098196573555,0.9995576739311218
id_8qcbpzadoy.jpg,0.9867727160453796,0.013225493021309376,1.7925949578057043e-06
id_8u35quh9ds.jpg,0.9236094355583191,0.012820625677704811,0.06357000768184662
id_8u7pccetfi.jpg,0.08788055181503296,0.004372650757431984,0.9077467918395996
id_8x569866pb.jpg,0.9994515776634216,0.00011416139750508592,0.0004343154141679406
id_8xkrg1bywr.jpg,0.0004181329859420657,0.9994939565658569,8.790749416220933e-05
id_8ycgxgfq0k.jpg,2.1991079847794026e-05,0.9999779462814331,5.9910725269674e-08
id_8yrscp6yel.jpg,2.3035177036945242e-06,0.9999963045120239,1.3917428987042513e-06
id_90e92xfixp.jpg,3.916235982615035e-06,0.9999816417694092,1.4402185115613975e-05
id_92arb6rtbu.jpg,0.9999525547027588,4.659973274101503e-05,8.755382623348851e-07
id_947llr07l1.jpg,0.9823464751243591,0.016410794109106064,0.001242706086486578
id_94ppy8gtdn.jpg,0.999948263168335,3.0401623007492162e-05,2.139463867933955e-05
id_95b0liwdh6.jpg,0.9969722032546997,2.0449429939617403e-05,0.003007372608408332
id_95fcfcgs9d.jpg,0.0006041709566488862,0.10912859439849854,0.8902672529220581
id_97pniadwxs.jpg,1.530332701804582e-05,0.995934247970581,0.00405037309974432
id_9b0tkqic6c.jpg,0.9995700716972351,0.0003068061778321862,0.00012304761912673712
id_9bayys139l.jpg,1.1047295629396103e-05,0.00017833309539128095,0.9998106360435486
id_9bkxkg5uoy.jpg,0.999847412109375,8.444237028015777e-05,6.822047726018354e-05
id_9d8dhe83vo.jpg,0.9998586177825928,8.237209840444848e-05,5.8982484915759414e-05
id_9ds3juieb3.jpg,0.0037955220323055983,0.00693231076002121,0.9892722368240356
id_9f9ptfngd8.jpg,0.9999886751174927,1.0248781109112315e-05,1.1288329915259965e-06
id_9h4oarnpqt.jpg,0.9985536932945251,0.0009646214311942458,0.00048161690938286483
id_9jjb9023hu.jpg,0.13944952189922333,0.02671215496957302,0.8338382840156555
id_9ld00xwmon.jpg,0.9996318817138672,1.4056196050660219e-05,0.00035399352782405913
id_9llets503b.jpg,0.000782473071012646,0.9992019534111023,1.5540032109129243e-05
id_9m34n8cvbl.jpg,0.0004097373166587204,0.0016393604455515742,0.9979509711265564
id_9mgzx3qt4q.jpg,0.9988150596618652,0.0011585959000512958,2.6311065084883012e-05
id_9mv2eydufl.jpg,5.452271943795495e-05,0.9999451637268066,3.464511451056751e-07
id_9rvnit4tfg.jpg,0.046277012676000595,0.9093095660209656,0.04441347345709801
id_9ttxex3x1n.jpg,0.018278857693076134,0.7801389098167419,0.20158225297927856
id_9tv6ronz0p.jpg,0.03481339290738106,0.9637588262557983,0.0014277341542765498
id_9u0y2bplx6.jpg,0.00018557309522293508,0.9890430569648743,0.01077136117964983
id_9ur6z0mqjz.jpg,0.0005240004393272102,0.9991620779037476,0.00031395338010042906
id_9vblo6pawj.jpg,0.9825525283813477,0.01738026738166809,6.725065759383142e-05
id_9w55e1oeq0.jpg,1.78121592853131e-06,0.9999982118606567,1.083778666810531e-08
id_9w8geyv8cu.jpg,0.99977046251297,2.9523127523134463e-05,0.00019993813475593925
id_9wlo4kff0i.jpg,0.9999935626983643,2.1802529772685375e-06,4.258798526279861e-06
id_9x4ntjf2eh.jpg,0.9905051589012146,0.002474891021847725,0.0070199426263570786
id_9z91cgtyhs.jpg,3.722698238561861e-05,0.9999581575393677,4.603632987709716e-06
id_9zrgq5uefl.jpg,0.999933123588562,3.9113489037845284e-05,2.7782898541772738e-05
id_a0ts2x3lsv.jpg,0.9999756813049316,1.5314763004425913e-05,9.03648560779402e-06
id_a1p9xlqr38.jpg,0.9999597072601318,5.30740089743631e-06,3.498438309179619e-05
id_a1zi5dpo4s.jpg,0.9753605723381042,0.01069502905011177,0.013944332487881184
id_a5eboqjxsk.jpg,0.9998401403427124,0.0001342834730166942,2.555420905991923e-05
id_a9m30sts7b.jpg,0.998583197593689,0.001319718430750072,9.713496547192335e-05
id_a9ry0a9y9q.jpg,0.9818192720413208,0.0016604169504716992,0.016520284116268158
id_abd0ket6gk.jpg,0.7014614939689636,0.12372744828462601,0.17481102049350739
id_abfj1weg4d.jpg,3.996282885054825e-06,0.9978054165840149,0.0021905992180109024
id_act04m6s7j.jpg,0.00010617465886753052,0.0006185133825056255,0.9992753863334656
id_adungoii3n.jpg,4.712673671747325e-06,0.0009276053751818836,0.9990676045417786
id_ah065qab4g.jpg,0.0008084211149252951,0.0009524088818579912,0.998239278793335
id_ahlsbyn84z.jpg,0.9998761415481567,0.00011850619193864986,5.305909780872753e-06
id_aj2mhyiljl.jpg,0.8971236944198608,0.10244917869567871,0.00042715799645520747
id_ajrr2ffz45.jpg,2.261985900986474e-05,0.9976430535316467,0.002334293443709612
id_ak7by8s6xx.jpg,6.19464844930917e-05,0.0006207748665474355,0.9993172883987427
id_akgn1czug4.jpg,0.24318836629390717,0.4102214574813843,0.34659016132354736
id_almuemp2a0.jpg,0.999997615814209,2.1920538983977167e-06,1.8971667259393143e-07
id_amrw6zrz3c.jpg,2.734289773798082e-05,0.998134970664978,0.0018376088701188564
id_an9lszlckm.jpg,0.9461499452590942,0.025931542739272118,0.027918512001633644
id_aoixbpjvvq.jpg,0.9909675717353821,0.007762209512293339,0.001270165084861219
id_apl5hbz964.jpg,0.000133134686620906,0.9947015047073364,0.005165423266589642
id_apmoqofvcn.jpg,0.9999972581863403,2.7918506475543836e-06,9.903695641355625e-09
id_aprrkmjoli.jpg,0.0005790310096926987,0.9982362985610962,0.0011846511624753475
id_ark2usd7u8.jpg,0.5527947545051575,0.41863808035850525,0.028567131608724594
id_arsg8nwnez.jpg,0.00010074437159346417,0.9987824559211731,0.0011167998891323805
id_askxpsiynp.jpg,0.9375864863395691,5.765633432019968e-06,0.06240767985582352
id_at5zd8zdot.jpg,0.6103689074516296,0.1471901386976242,0.24244099855422974
id_au351ozt0u.jpg,0.9999793767929077,1.9800241716438904e-05,8.854459565554862e-07
id_aubznv8khr.jpg,0.00021819998801220208,0.0009693463798612356,0.9988124370574951
id_avn1ejzmvs.jpg,0.00017233510152436793,0.9998210072517395,6.6646111918089446e-06
id_avo9syteav.jpg,0.9999960660934448,3.1343458886112785e-06,8.841358862810011e-07
id_avp0xvzsef.jpg,3.5310852126713144e-06,5.884224265173543e-06,0.9999905824661255
id_avy4f1aml0.jpg,0.99847811460495,0.0011022718390449882,0.00041962432442232966
id_aw9y79nutx.jpg,0.0001633744832361117,0.9997918009757996,4.48506252723746e-05
id_axlte8dtxc.jpg,0.7750861048698425,0.22479909658432007,0.00011487935989862308
id_ay3hzdsf41.jpg,6.518248483189382e-06,0.9999635219573975,3.0014840376679786e-05
id_b15h3wr363.jpg,0.00012447118933778256,0.0003753677010536194,0.9995001554489136
id_b19jeif9q2.jpg,0.002637219615280628,0.9970019459724426,0.0003608099650591612
id_b38ee2otk3.jpg,6.920000032550888e-06,0.9999325275421143,6.0534664953593165e-05
id_b4m778w81r.jpg,0.9902266263961792,0.0006614798330701888,0.009111808612942696
id_b5fn6xymr7.jpg,0.999772846698761,0.0001396808511344716,8.750046254135668e-05
id_b68zqqxb16.jpg,0.996249258518219,0.003676026128232479,7.466415991075337e-05
id_b6guqa4jqp.jpg,0.982053279876709,0.0009022601880133152,0.017044415697455406
id_b9l1y6pkri.jpg,0.9978857636451721,0.0004881823842879385,0.0016260483535006642
id_bazikoi5h9.jpg,0.9997801184654236,0.00018085540796164423,3.912813190254383e-05
id_bb91jp6pg4.jpg,2.755589548542048e-06,0.9999511241912842,4.611741314874962e-05
id_bc5p9me7ku.jpg,0.9995836615562439,3.3115061341959517e-06,0.00041305655031464994
id_bce4iyojch.jpg,0.9999361038208008,1.4716206351295114e-05,4.9183541705133393e-05
id_bekoxyehov.jpg,0.9961215853691101,0.0003556598676368594,0.003522776300087571
id_bgj44bvut4.jpg,0.9999830722808838,1.1044016900996212e-05,5.8973364502890036e-06
id_bkrke3vo57.jpg,0.9044290781021118,0.008122635073959827,0.08744826912879944
id_blscjxidu6.jpg,0.9893777966499329,0.006625558249652386,0.0039966716431081295
id_blx62wltrk.jpg,0.0006343389395624399,0.0020900035742670298,0.9972756505012512
id_bmir6gcods.jpg,0.9999617338180542,2.9177352189435624e-05,9.017816410050727e-06
id_bmwp4rr84y.jpg,0.9993317723274231,8.090944174909964e-05,0.0005873345071449876
id_bnyrssm9kj.jpg,0.033475589007139206,0.7612081170082092,0.20531624555587769
id_borot9b0dn.jpg,0.9921122789382935,0.006668143440037966,0.00121957843657583
id_bouwtc3thv.jpg,0.46064263582229614,0.4633372724056244,0.07602007687091827
id_bpy1vkc436.jpg,7.83665291237412e-06,0.000665366998873651,0.9993268251419067
id_bq60p3aqo8.jpg,0.029865708202123642,0.07510510832071304,0.8950291872024536
id_bs01v3crns.jpg,0.9766253232955933,0.02325909025967121,0.00011563517909962684
id_bs0rwp1kmc.jpg,0.9921777844429016,0.007302942685782909,0.000519249530043453
id_btc44m5ven.jpg,0.9985604882240295,0.0014265587087720633,1.2966665963176638e-05
id_btipo9ojnr.jpg,0.9364916682243347,3.582542922231369e-05,0.06347246468067169
id_bucgp90ug4.jpg,0.286790668964386,0.6809383630752563,0.03227096050977707
id_bun8uetq9r.jpg,0.9999988079071045,7.351283670686826e-07,5.076641969026241e-07
id_bx77h99p3j.jpg,1.7913196643348783e-05,0.0003531781549099833,0.9996289014816284
id_bxgijj96cq.jpg,0.06757299602031708,0.9303202033042908,0.002106771804392338
id_by3qnznp3v.jpg,1.8478449419490062e-05,1.070816142600961e-05,0.9999707937240601
id_bybbtlbxoo.jpg,0.00019175336637999862,0.04448176920413971,0.9553264379501343
id_byyn5oxwj8.jpg,0.9967637062072754,0.0002896931255236268,0.0029466019477695227
id_c0atby9mg0.jpg,0.0682135820388794,0.929866373538971,0.0019200784154236317
id_c0iobr5lyv.jpg,0.9998563528060913,0.0001237241376657039,1.98885245481506e-05
id_c30q46dzkg.jpg,0.7404991388320923,0.00014986850146669894,0.25935104489326477
id_c3p4zaeafj.jpg,0.011789631098508835,0.9772614240646362,0.010948912240564823
id_c3x8zs9kh3.jpg,0.015417510643601418,0.9844526648521423,0.00012975282152183354
id_c6r902u1yc.jpg,0.0045167249627411366,0.647429883480072,0.34805336594581604
id_c8ccb7p1ny.jpg,0.9998410940170288,6.835589010734111e-05,9.047915955306962e-05
id_c8zqlaoscm.jpg,6.06905305176042e-05,0.9998489618301392,9.027180203702301e-05
id_c996aefk2b.jpg,0.9937527775764465,0.0009130217367783189,0.005334211513400078
id_ca1ulb7phu.jpg,0.9461599588394165,0.0035180163104087114,0.05032200366258621
id_carqo16fzo.jpg,0.9199719429016113,0.0001201768172904849,0.0799078568816185
id_cbrq69l0b7.jpg,0.0017120331758633256,0.9644768834114075,0.03381111100316048
id_cc26n7gl0l.jpg,8.234954293584451e-05,0.9998069405555725,0.00011068012827308849
id_cdf888g19t.jpg,0.004182921722531319,0.012546192854642868,0.9832708239555359
id_cdphzwxh66.jpg,0.998204231262207,0.0016172017203643918,0.0001786466164048761
id_cguvv909pj.jpg,0.0019184129778295755,0.9969843029975891,0.0010973276803269982
id_cho3e7kmmf.jpg,0.9999980926513672,2.420442797301803e-07,1.6965692566373036e-06
id_chyxorazcg.jpg,2.1442296201712452e-05,0.9998843669891357,9.417871478945017e-05
id_cl2tro0krc.jpg,0.03972461447119713,0.9575803875923157,0.0026950561441481113
id_cmo5mn34bk.jpg,0.6593826413154602,0.33581292629241943,0.0048044174909591675
id_cmz1pqyyqa.jpg,0.3559872508049011,0.6344689130783081,0.00954387430101633
id_cntxv782n4.jpg,4.681615246227011e-05,0.04286855459213257,0.9570847153663635
id_cqbm5ybp7n.jpg,0.9999451637268066,3.875398397212848e-05,1.6059762856457382e-05
id_cr4pbofie3.jpg,2.669745754246833e-06,0.9999916553497314,5.691824753739638e-06
id_cs7276ypgk.jpg,0.007987763732671738,0.9828519821166992,0.009160317480564117
id_csvb9gfj1x.jpg,0.0017752518178895116,0.9974119067192078,0.0008128938497975469
id_cvoa3cg9ts.jpg,0.9993638396263123,0.0006134117720648646,2.2761751097277738e-05
id_cx1pdelwqg.jpg,0.8445888757705688,0.02229315973818302,0.1331179141998291
id_cx89v8zdf5.jpg,0.3763280510902405,0.5055482387542725,0.11812369525432587
id_cxbujzrztd.jpg,0.9997394680976868,2.5453233320149593e-05,0.00023499556118622422
id_cyxg6svpq1.jpg,0.9693304300308228,0.028012538328766823,0.0026569864712655544
id_cyzjic2qj0.jpg,0.005499585997313261,0.9855339527130127,0.008966387249529362
id_cz5uxriepb.jpg,0.35366159677505493,0.019649988040328026,0.6266884207725525
id_d1gzo6e0hj.jpg,0.00043535453733056784,0.9750428795814514,0.024521781131625175
id_d2uwba98h4.jpg,0.9064114093780518,0.04952133446931839,0.044067297130823135
id_d3cjyfbkie.jpg,0.9910247325897217,0.00035355452564544976,0.008621728979051113
id_d6qf53mzm2.jpg,0.9951879978179932,0.0047744265757501125,3.758072853088379e-05
id_d74qdjo8h9.jpg,0.007447233889251947,0.9925518035888672,1.0144461839445285e-06
id_d7c0hi3hwf.jpg,0.9469020366668701,0.05297880992293358,0.00011918168456759304
id_d9xcc459wg.jpg,0.9484788775444031,0.024418925866484642,0.0271021518856287
id_daklqs117p.jpg,0.07604239881038666,0.03556190803647041,0.8883956074714661
id_dblple11hr.jpg,0.0022291282657533884,0.00023803241492714733,0.9975327253341675
id_ddmx12ft9u.jpg,0.007994059473276138,0.9917998909950256,0.00020608051272574812
id_ddrsh911b6.jpg,0.5172426700592041,2.014074743783567e-05,0.48273715376853943
id_del50nmcl7.jpg,0.28321021795272827,0.0009064516634680331,0.7158833742141724
id_detmragq4s.jpg,0.9985700845718384,1.117264855565736e-05,0.001418699393980205
id_di6wafk673.jpg,0.9994382262229919,8.092477219179273e-05,0.00048088343464769423
id_dibgx1qvt2.jpg,0.9997909665107727,9.799483814276755e-05,0.0001110485172830522
id_dj3f1qlo8i.jpg,0.9805522561073303,0.015877697616815567,0.0035701405722647905
id_djuswm9bh4.jpg,0.22239482402801514,0.6516832113265991,0.12592197954654694
id_dkbp68fw0g.jpg,0.006505935452878475,0.992483913898468,0.001010134699754417
id_dmxy8ool65.jpg,0.0008349196868948638,0.6717517375946045,0.32741332054138184
id_dn8sz7kp6g.jpg,0.04797805845737457,0.004744207486510277,0.9472777843475342
id_do5ngonibi.jpg,0.34476804733276367,0.6552132368087769,1.8693548554438166e-05
id_dqoccypgid.jpg,0.9742382168769836,0.02555323950946331,0.0002085878368234262
id_drqjqdgwbr.jpg,4.998511485609924e-06,0.9999923706054688,2.6558516310615232e-06
id_drx0i4qjoo.jpg,0.9984115362167358,0.001379595254547894,0.00020891438180115074
id_dsbrupm1cr.jpg,0.9787080883979797,6.679449143121019e-05,0.02122502028942108
id_dswv82x2xn.jpg,0.986034095287323,0.013912505470216274,5.331626016413793e-05
id_dtkyk51t7d.jpg,0.9747545719146729,0.023222995921969414,0.0020224163308739662
id_duo0yh6v3g.jpg,0.7540460824966431,0.2316429167985916,0.014311038888990879
id_dvcbb85xlr.jpg,0.9556679725646973,0.0009474800317548215,0.043384451419115067
id_dvr5tk922c.jpg,0.49275287985801697,0.5064655542373657,0.0007815688150003552
id_dvrwax0ptk.jpg,0.9746969938278198,0.004034899175167084,0.021268120035529137
id_dz5g9suhtw.jpg,3.144493166473694e-05,8.242230978794396e-05,0.999886155128479
id_e0qlh51fu9.jpg,0.9992781281471252,0.000659847806673497,6.208552804309875e-05
id_e1jrl8ckio.jpg,0.5596327185630798,0.4213152229785919,0.019052041694521904
id_e1prlfbkna.jpg,0.0011034877970814705,0.998791515827179,0.00010498736082809046
id_e2b4bad2fs.jpg,0.0009721703827381134,0.9944947361946106,0.004533055238425732
id_e2cqw2vllh.jpg,0.5785521268844604,0.32606953382492065,0.0953783243894577
id_e2rjq3xl4b.jpg,0.00012430394417606294,0.9997900128364563,8.572575461585075e-05
id_e4id92jojc.jpg,0.9988095760345459,0.0008333967998623848,0.0003571224515326321
id_e5xd02ur86.jpg,0.9977213740348816,0.0013822396285831928,0.0008963432046584785
id_e652ocdak4.jpg,0.9854558110237122,0.002325239824131131,0.012219014577567577
id_e6k39e88b4.jpg,0.9986760020256042,5.276019874145277e-05,0.0012712259776890278
id_e7gc2uew96.jpg,0.0017756581073626876,0.9814775586128235,0.01674685813486576
id_e88h986b7j.jpg,0.936192512512207,0.050944626331329346,0.01286287885159254
id_e8vij3aomx.jpg,0.9949091076850891,0.0006906363414600492,0.004400263074785471
id_e9uh1mx5x6.jpg,0.00010168779408559203,0.8166996836662292,0.18319864571094513
id_ecvgtyw1zc.jpg,0.00015433305816259235,0.9997503161430359,9.530316310701892e-05
id_edfet6aiir.jpg,0.0016119311330839992,0.011195936240255833,0.9871921539306641
id_efcc8cqlws.jpg,0.00010184026905335486,0.17232786118984222,0.8275703191757202
id_efjpvf6ooh.jpg,2.6623913072398864e-05,0.0038414832670241594,0.9961318969726562
id_eg1tfifjeq.jpg,0.9848611354827881,0.01192785520106554,0.0032110412139445543
id_egxnoy01ts.jpg,7.739099601167254e-06,0.9997739195823669,0.00021836484665982425
id_ei7966665t.jpg,0.989147424697876,0.0011632195673882961,0.00968937948346138
id_eimc4saxzn.jpg,0.686534583568573,0.0007824776112101972,0.31268295645713806
id_ejcg1mhr5c.jpg,0.14548780024051666,0.8055179119110107,0.048994261771440506
id_el7ue70uej.jpg,0.9998643398284912,0.0001239665289176628,1.1693907254084479e-05
id_emeryr8qky.jpg,0.9992127418518066,0.0007359646260738373,5.1191847887821496e-05
id_enpt3c9mep.jpg,7.5374741754785646e-06,0.9999755620956421,1.6853227862156928e-05
id_ep446lk61d.jpg,6.156138624646701e-06,0.9999936819076538,1.928016644114905e-07
id_esdbbgwidn.jpg,0.023699915036559105,0.004154285881668329,0.9721457958221436
id_etfht8f6a2.jpg,1.7781565020413836e-06,0.9997641444206238,0.00023413989401888102
id_ewak96titm.jpg,0.9997649788856506,4.880458800471388e-05,0.00018622324569150805
id_exbcejid16.jpg,0.479584276676178,0.009449431672692299,0.5109663009643555
id_exx29m2f5j.jpg,0.5863654613494873,0.4125930964946747,0.0010414724238216877
id_exyqtbcoxl.jpg,0.6764866709709167,0.142635315656662,0.18087799847126007
id_eyen48qlhc.jpg,0.9996287822723389,2.5578572603990324e-05,0.0003455697151366621
id_ezkj6zgrre.jpg,7.81325923071563e-07,0.9996125102043152,0.00038674677489325404
id_f0rirecsn9.jpg,0.9822115302085876,0.000538438733201474,0.017249949276447296
id_f24poeux0q.jpg,0.9998549222946167,6.575173756573349e-05,7.922033546492457e-05
id_f26ltr4l28.jpg,0.9675577878952026,0.03052215278148651,0.0019200507085770369
id_f3vj2zfokq.jpg,3.198323611286469e-05,0.00013272129581309855,0.9998352527618408
id_f47g7y9ot2.jpg,0.0006272995378822088,0.0009755222708918154,0.998397171497345
id_f4fi9o3le6.jpg,0.07276874780654907,0.43024006485939026,0.4969911277294159
id_f5adctkdqm.jpg,0.0004123605031054467,0.9995347261428833,5.2899664297001436e-05
id_f6337bv7g3.jpg,0.9998528957366943,6.136528099887073e-06,0.00014103332068771124
id_f6gpnjnflw.jpg,0.0003412648802623153,0.002141455886885524,0.9975172281265259
id_f7sd78r9w0.jpg,0.5685970783233643,0.14031213521957397,0.29109081625938416
id_f7u2i6v3p1.jpg,0.9977648258209229,0.002225963631644845,9.155003681371454e-06
id_f8omw0t1gf.jpg,0.01209506019949913,0.006469251587986946,0.9814355969429016
id_f94x3kmvyu.jpg,0.01602211594581604,0.6821808815002441,0.30179697275161743
id_f9wa31xwh0.jpg,0.9947768449783325,0.005177565384656191,4.55817389592994e-05
id_f9xzi2577a.jpg,5.1820265980495606e-06,0.9999775886535645,1.721093758533243e-05
id_fae51s7h45.jpg,0.9995840191841125,0.00040977346361614764,6.192376986291492e-06
id_falxfhtpdw.jpg,0.9999998807907104,6.593530343934617e-08,4.957065424804341e-09
id_fdal71yl52.jpg,8.381087468478654e-07,0.999998927116394,2.6878331027546665e-07
id_ffs12vyhkw.jpg,0.998681366443634,0.0013185844291001558,1.9015836016933463e-08
id_fg13uzygdz.jpg,7.91676648077555e-05,0.010165215469896793,0.9897555708885193
id_fgedgzq6ev.jpg,3.66727945220191e-05,0.9998902082443237,7.31172549421899e-05
id_fi9cn5vrtj.jpg,1.5710804291302338e-05,0.9999141693115234,7.01573007972911e-05
id_fiqduhapcz.jpg,6.674995347566437e-06,0.9999932050704956,7.99184221023097e-08
id_fj1r8bdghm.jpg,0.23340526223182678,0.02706356719136238,0.7395310997962952
id_fj7md3zas2.jpg,0.9410952925682068,0.0007386663928627968,0.058166082948446274
id_fkkb5dcuig.jpg,0.9767138957977295,0.02318536303937435,0.00010067727998830378
id_fl3t3nfzml.jpg,3.904610639438033e-05,0.001818023738451302,0.9981429576873779
id_fo95m3q1x7.jpg,0.9999455213546753,5.43453024874907e-05,1.7688149966943456e-07
id_fq6blx7mhi.jpg,0.00017342956562060863,7.112568709999323e-05,0.9997554421424866
id_fqj7ulkrw7.jpg,6.940434832358733e-05,0.9970037341117859,0.002926850225776434
id_fqq8i9eaqq.jpg,1.6957843627096736e-06,0.9999978542327881,4.97669930155098e-07
id_fr37b0ekxk.jpg,0.0003526507643982768,0.9968814849853516,0.0027658820617944
id_fse2430d0l.jpg,0.9993870258331299,2.284687798237428e-05,0.000590080744586885
id_fsybyty8h5.jpg,0.08649121969938278,0.04046798497438431,0.8730408549308777
id_fusrwqj2hq.jpg,0.00029293971601873636,0.9996901750564575,1.6892696294235066e-05
id_fvpfi4xmot.jpg,0.9997193217277527,0.00025769416242837906,2.3051921743899584e-05
id_fxphky513b.jpg,0.0006122544291429222,0.9992777705192566,0.00010997003118973225
id_fzpcrlzhul.jpg,0.016842860728502274,0.08192841708660126,0.9012287259101868
id_g1eq7wvrt8.jpg,0.999226450920105,0.0004888804978691041,0.0002846460265573114
id_g3xn35cghp.jpg,1.3103483979648445e-05,0.9996685981750488,0.0003183059743605554
id_g4ug9vqbd5.jpg,0.910473644733429,0.00015334620547946543,0.08937297761440277
id_gb596fx9gc.jpg,3.2696480047889054e-05,0.9999401569366455,2.7163941922481172e-05
id_gbmfakbcdl.jpg,0.1946982890367508,0.684656023979187,0.12064574658870697
id_gexbz8xbbp.jpg,0.00026233907556161284,0.9987940788269043,0.000943572202231735
id_gfg2gev6my.jpg,0.9999395608901978,5.881682955077849e-05,1.6456461935376865e-06
id_gfktmz0qeh.jpg,0.0012284948024898767,8.832338062347844e-05,0.9986831545829773
id_gjloe548h5.jpg,4.231736454585189e-07,0.9999995231628418,7.331422580136859e-08
id_gkzx64iwyd.jpg,0.9999728202819824,4.019089828943834e-06,2.3168950065155514e-05
id_gmgxcrq2t7.jpg,0.9983245730400085,0.0016687734751030803,6.608026978938142e-06
id_gnl5bn3rn6.jpg,0.015472027473151684,0.8605122566223145,0.12401571869850159
id_goucryjdwq.jpg,0.00012118029553676024,0.9993225336074829,0.0005563485901802778
id_gp4vo6ez94.jpg,0.89360511302948,0.0777084231376648,0.02868647128343582
id_gq1466j51f.jpg,0.9996914863586426,0.0002917888341471553,1.6803429389256053e-05
id_gqqyudghzn.jpg,0.9956674575805664,0.004195491783320904,0.00013711972860619426
id_gqwmw1xp1u.jpg,0.0006229908321984112,0.0016396107384935021,0.9977374076843262
id_gsdskbip59.jpg,0.24339021742343903,0.7193562388420105,0.03725353628396988
id_gse4bshs1a.jpg,0.002069689566269517,0.00014392395678441972,0.9977864027023315
id_gsplbfqt1e.jpg,0.9543655514717102,0.04195401445031166,0.0036804245319217443
id_gv448jdur1.jpg,4.928021098749014e-06,0.9999927282333374,2.4017026589717716e-06
id_h283ew9pks.jpg,0.00014645022747572511,0.8317248225212097,0.16812866926193237
id_h2i1p2cyli.jpg,0.9999985694885254,1.3857650174031733e-06,1.0227952706998167e-08
id_h317b8qvv6.jpg,3.4532308745838236e-07,0.9999902248382568,9.373647117172368e-06
id_h35g3ky6pr.jpg,0.0002997736446559429,0.04137219861149788,0.9583279490470886
id_hc8iljg6yo.jpg,0.9410377144813538,0.05775759741663933,0.0012047302443534136
id_hcmn4gh7z6.jpg,0.20422475039958954,0.019508931785821915,0.7762663960456848
id_hcsn3irehh.jpg,0.9859777688980103,0.007845609448850155,0.006176596041768789
id_hfa3z6tgwk.jpg,0.0002926955930888653,0.0005358422640711069,0.9991714954376221
id_hfe19yb7ej.jpg,0.9997712969779968,0.0002167641359847039,1.1976419955317397e-05
id_hgdbjm7371.jpg,0.003691908437758684,0.0003736184735316783,0.9959344863891602
id_hi22zpzttf.jpg,0.08497975766658783,0.00231131911277771,0.9127088785171509
id_higuw25bka.jpg,0.06886725127696991,0.9310569167137146,7.580115197924897e-05
id_hiht8zpw6y.jpg,0.9999173879623413,4.308657662477344e-05,3.956791988457553e-05
id_hni7m73rw2.jpg,0.010686387307941914,0.4692457616329193,0.5200678706169128
id_hnqkt8oxu2.jpg,0.9999525547027588,3.5501173556440335e-07,4.7086665290407836e-05
id_hoex385mr8.jpg,1.2990558388992213e-06,3.2819571060827e-05,0.9999659061431885
id_hrn0dpvzrd.jpg,0.0004980643861927092,3.832045695162378e-05,0.9994636178016663
id_hruzjdkra1.jpg,1.0,2.5026174910180998e-08,2.2023389334435706e-08
id_hssgsuxl0q.jpg,0.9842805862426758,0.0010947604896500707,0.014624682255089283
id_htx4azs6ls.jpg,0.9818658232688904,0.0025939629413187504,0.01554021704941988
id_hudg4kgstg.jpg,1.7945809304364957e-05,0.999815046787262,0.0001670750934863463
id_hup2etcyum.jpg,8.699961472302675e-05,0.9981169700622559,0.001796092139557004
id_hwhrkqdxjz.jpg,8.041352884902153e-06,0.9998225569725037,0.00016945543757174164
id_hwm1vf4ddd.jpg,0.00022474084107670933,0.9980047345161438,0.0017705607460811734
id_i1gmtoe1h9.jpg,8.786988473730162e-05,0.999910831451416,1.2418493042787304e-06
id_i2sksjcifv.jpg,0.007994059473276138,0.9917998909950256,0.00020608051272574812
id_i3fsnogh5m.jpg,0.0005404270486906171,0.99928879737854,0.0001707638439256698
id_i4nn7mnpus.jpg,0.9979217648506165,0.0018310932209715247,0.00024717129417695105
id_i5abphac7v.jpg,0.9908086657524109,0.007954729720950127,0.0012366024311631918
id_i6c9umw8sn.jpg,0.00039600644959136844,0.11265172809362411,0.8869523406028748
id_i6rzq0vi43.jpg,0.9999914169311523,1.075011368811829e-06,7.499676939914934e-06
id_i81ayuiv6u.jpg,0.0009650522260926664,0.0010966564295813441,0.997938334941864
id_i8eoisybxv.jpg,0.8233546614646912,0.16383665800094604,0.01280871219933033
id_ianx9b8tiy.jpg,0.9773887395858765,0.0008366161491721869,0.021774694323539734
id_iap17yol68.jpg,3.49680231011007e-05,0.00039761007064953446,0.999567449092865
id_ibhb4afjv9.jpg,9.702618990559131e-05,0.00011717999586835504,0.999785840511322
id_idptvpe36v.jpg,0.0006581483175978065,0.005256945267319679,0.994084894657135
id_ifboregp9u.jpg,0.9990231990814209,0.0004916273755952716,0.0004851739213336259
id_ifqwwkaiei.jpg,0.9989909529685974,0.0007954777684062719,0.00021357032528612763
id_igdfxxyfsu.jpg,0.9943234920501709,0.005666632205247879,9.79997366812313e-06
id_ih5nvehfkl.jpg,0.2948143780231476,0.20233681797981262,0.5028488039970398
id_ii2y55xu9u.jpg,0.9931570887565613,0.006364930421113968,0.00047794371494092047
id_iihyl0w2dk.jpg,0.9998841285705566,2.0059795133420266e-05,9.581682388670743e-05
id_iizqm4nkxh.jpg,0.006670021917670965,0.0003308803716208786,0.9929990768432617
id_ikihlt6xjs.jpg,0.9999634027481079,2.8696680601569824e-05,7.918960363895167e-06
id_im66qymqnu.jpg,0.9996957778930664,0.00028211335302330554,2.218085683125537e-05
id_immgoa1u25.jpg,0.9999462366104126,5.06457217852585e-05,3.0896530915924814e-06
id_inoi7ud9bt.jpg,5.502998192241648e-06,0.9998593330383301,0.0001351597165921703
id_inox4crld4.jpg,1.2040701221849304e-05,0.9999878406524658,1.5640020478713268e-07
id_ioeltwwdfm.jpg,0.00017746243975125253,0.0006427313201129436,0.9991797804832458
id_iom63fwkpf.jpg,0.029757283627986908,0.9165897965431213,0.05365292355418205
id_ipaerj0ehn.jpg,0.9998282194137573,0.00016736991528887302,4.381444796308642e-06
id_ipwqvv84dt.jpg,0.892431378364563,0.10340431332588196,0.0041642459109425545
id_irm15i7xl5.jpg,0.9961367249488831,0.0037885222118347883,7.46613513911143e-05
id_irv1v3m76m.jpg,6.838433364464436e-06,0.0075423624366521835,0.9924507737159729
id_iryz97ll9y.jpg,0.9998875856399536,4.274433013051748e-05,6.956694414839149e-05
id_isyh6ku6sl.jpg,0.0011100484989583492,0.022672608494758606,0.9762173295021057
id_it0rzf0hgx.jpg,2.7125306587549858e-05,0.9979534149169922,0.002019478240981698
id_it6sxlhgr4.jpg,9.312542533734813e-05,0.90152907371521,0.09837784618139267
id_itzrgxgyio.jpg,0.9976702332496643,0.002007688395678997,0.0003220530925318599
id_ivjhsm7cz3.jpg,0.19646163284778595,0.7597821950912476,0.043756190687417984
id_iwh76wfcek.jpg,0.8564894199371338,0.0846274122595787,0.058883123099803925
id_iwvfcymq9k.jpg,0.039398450404405594,0.02308209054172039,0.9375194311141968
id_ixohx0x7fx.jpg,0.00166246946901083,0.0007121303933672607,0.9976254105567932
id_iz5cbv0k1r.jpg,0.983437180519104,0.01131441444158554,0.005248355679214001
id_j13u6s5efv.jpg,0.8213219046592712,0.17827433347702026,0.0004037470789626241
id_j24l5grdx8.jpg,0.9899051785469055,0.009907692670822144,0.0001871776912594214
id_j3568trarc.jpg,0.9997345805168152,0.00015180933405645192,0.00011358083429513499
id_j770ua3qw3.jpg,0.9986380934715271,0.0013331507798284292,2.8688589736702852e-05
id_j9vqx1xxjd.jpg,2.9647302653756924e-05,0.9996953010559082,0.0002751295396592468
id_jat5ystlf4.jpg,0.9999282360076904,4.763193373946706e-06,6.698931247228757e-05
id_jbo4bwxjyv.jpg,0.5216250419616699,0.4774966239929199,0.0008783470839262009
id_jc7x3u6jzq.jpg,0.9999185800552368,7.276618362084264e-06,7.411258411593735e-05
id_jcld4apors.jpg,0.004991261754184961,0.9936628341674805,0.0013458424946293235
id_jdgto3xkkw.jpg,0.004266988020390272,0.9945513606071472,0.0011816316982731223
id_jf35ye8yyu.jpg,9.60036959440913e-06,0.9999734163284302,1.6977892300928943e-05
id_jg82ghmuqk.jpg,0.010098830796778202,0.9898511171340942,5.008328298572451e-05
id_ji9d6406fm.jpg,0.9999922513961792,5.0637299864320084e-06,2.6923139557766262e-06
id_jir9ukg4k6.jpg,0.06771407276391983,0.4717026352882385,0.46058326959609985
id_jl0zs4392j.jpg,0.0001564971316838637,4.379102847451577e-06,0.9998390674591064
id_jmug08j2dx.jpg,0.034972477704286575,0.0006897869752719998,0.9643377065658569
id_joluroir8v.jpg,6.596506864298135e-05,0.9969923496246338,0.0029417036566883326
id_jpzdade8hn.jpg,0.9931759238243103,0.006045679096132517,0.0007784839835949242
id_jq20cab2em.jpg,0.3328976631164551,2.8727547032758594e-05,0.6670736074447632
id_jt6ejdwsaa.jpg,0.9918609261512756,0.0075370557606220245,0.0006020741420798004
id_jtfnfvf2qv.jpg,0.9317790269851685,0.00015118697774596512,0.06806982308626175
id_jtz76x52jp.jpg,0.009461374022066593,0.07592916488647461,0.9146094918251038
id_jva140h7wl.jpg,0.0003200597711838782,0.9981649518013,0.0015150135150179267
id_jyt1do8d3r.jpg,0.9999672174453735,3.271514651714824e-05,7.550627856289793e-08
id_jz5v7tbbo5.jpg,0.43970489501953125,0.5556163787841797,0.00467873178422451
id_jzw08xfv6p.jpg,2.706641680561006e-05,0.0034973740112036467,0.9964755177497864
id_k06dsv2byl.jpg,0.9995977282524109,0.0003789746842812747,2.33159662457183e-05
id_k137xcbea9.jpg,0.9770357608795166,0.022727519273757935,0.00023682638129685074
id_k1647qf4se.jpg,0.3111472725868225,0.41228586435317993,0.27656689286231995
id_k1ple8xw7k.jpg,0.9989303946495056,0.0010478963376954198,2.171032792830374e-05
id_k286pi6nmr.jpg,2.7312223664921476e-06,0.9999467134475708,5.057691305410117e-05
id_k4d4kbx7yh.jpg,0.9888055324554443,0.010688732378184795,0.0005056856898590922
id_k5akvyy5h9.jpg,0.9882028698921204,0.010154602117836475,0.0016424880595877767
id_k64822af5l.jpg,0.14036285877227783,0.230059415102005,0.6295776963233948
id_k67n77588b.jpg,0.999889612197876,9.542758925817907e-05,1.4939363609300926e-05
id_k7eur6kpbx.jpg,0.0035199385602027178,0.9949794411659241,0.0015006206231191754
id_k8jmmhh99t.jpg,0.00042556310654617846,0.994688868522644,0.0048856306821107864
id_k8knp8lm11.jpg,0.9997195601463318,0.00025767410988919437,2.2720570996170864e-05
id_k8ldaf6iji.jpg,0.9973202347755432,0.0020982723217457533,0.000581540574785322
id_k9u4k0s7zw.jpg,0.0017964169383049011,0.979212760925293,0.018990803509950638
id_kac6myb4rp.jpg,0.9705973863601685,0.028540844097733498,0.0008617746061645448
id_kagc4maon9.jpg,0.0003506779030431062,0.9996379613876343,1.1366330909368116e-05
id_kcxpnf02ra.jpg,0.999417781829834,0.0005288500105962157,5.3343261242844164e-05
id_kd37zpjtqn.jpg,0.0006471641827374697,0.8607786297798157,0.13857421278953552
id_kddeefsm3e.jpg,0.9869858622550964,0.007850561290979385,0.005163528490811586
id_kdnmofmnkg.jpg,0.9911511540412903,0.0010620744433254004,0.007786786649376154
id_kegjaspgx8.jpg,1.234718547493685e-05,0.9999805688858032,7.076138899719808e-06
id_keiqprscwm.jpg,0.0002488887112122029,0.9997493624687195,1.8031732906820253e-06
id_kez0xk5n6x.jpg,0.00010538940114201978,0.999893069267273,1.56488408720179e-06
id_kg4zhrp0l8.jpg,0.9255619049072266,0.0724385604262352,0.0019995463080704212
id_kgmhntdh16.jpg,8.141935836647463e-07,0.9999933242797852,5.828290341014508e-06
id_khqae1m4o6.jpg,0.9980074763298035,9.393068467034027e-05,0.0018985390197485685
id_kidt6ecu2q.jpg,0.9999887943267822,9.020899597089738e-06,2.173563871110673e-06
id_kj5t8u1bo4.jpg,3.94871585740475e-06,0.9973469972610474,0.0026490436866879463
id_kj9trdlawq.jpg,0.661872923374176,0.3380878269672394,3.919500159099698e-05
id_kjjjs4s0wb.jpg,0.9729794859886169,0.00013339762517716736,0.026887083426117897
id_kkhk81dpbq.jpg,0.9999998807907104,5.665189206638388e-08,6.568551924601707e-08
id_kkr3bzscyw.jpg,0.9999059438705444,9.216248145094141e-05,1.8522284790378762e-06
id_klh92u4wji.jpg,0.9998539686203003,8.257661829702556e-05,6.337820377666503e-05
id_kn9xftvrnn.jpg,0.9999376535415649,6.237484194571152e-05,3.224359446107883e-09
id_knzf9k8t6z.jpg,0.9999896287918091,1.8328464648220688e-06,8.619589607405942e-06
id_kor62boy63.jpg,0.999832034111023,9.661912190495059e-05,7.132663449738175e-05
id_kp1oc62sv6.jpg,0.9999872446060181,3.9045144148985855e-06,8.878599146555644e-06
id_kphfc1xvjm.jpg,0.01475642528384924,0.9756388068199158,0.009604780934751034
id_kps04br8xx.jpg,0.010587675496935844,0.5475291013717651,0.4418832063674927
id_kr4micn1pa.jpg,9.82081110123545e-06,0.9999607801437378,2.9387043468886986e-05
id_krdrytjgoq.jpg,0.0021830082405358553,0.00011565558816073462,0.9977013468742371
id_ksr4ggwh8f.jpg,5.523157255993283e-07,0.9999994039535522,9.292135949579006e-09
id_ktg97eo3b7.jpg,0.6723609566688538,0.0049212160520255566,0.3227177858352661
id_ktifutackp.jpg,0.19717657566070557,0.11248578876256943,0.690337598323822
id_ku16t864ke.jpg,0.34213462471961975,0.6575459837913513,0.00031938907341100276
id_kuk3hptm3d.jpg,0.0002462183765601367,0.9997493624687195,4.471003194339573e-06
id_kw3e0h0qo0.jpg,0.050707824528217316,0.01841035857796669,0.9308817982673645
id_kw5a95jiyw.jpg,0.004811705555766821,0.9895602464675903,0.005628099199384451
id_kwevugay3c.jpg,0.0008958164835348725,0.996192216873169,0.002911909716203809
id_l0wsj10x2s.jpg,0.05087929591536522,0.6983926892280579,0.250728040933609
id_l2cgrkhmzl.jpg,0.018318649381399155,0.008371155709028244,0.9733101725578308
id_l2wjciy2k9.jpg,9.640876669436693e-06,0.9999551773071289,3.515948264976032e-05
id_l3j0xm05w3.jpg,0.9998570680618286,5.688131568604149e-05,8.605416951468214e-05
id_l613kk54tv.jpg,0.7497199773788452,0.19833174347877502,0.05194832384586334
id_l65bow7k1p.jpg,0.00038284267066046596,0.9996111989021301,5.97551934333751e-06
id_l70nmhf28x.jpg,7.934468726489285e-07,0.9999948740005493,4.348897618910996e-06
id_l84qvfs79z.jpg,0.15324674546718597,0.37237095832824707,0.47438228130340576
id_l8cdsmu0pd.jpg,0.9916480779647827,6.318079249467701e-05,0.008288836106657982
id_lapii0xyip.jpg,0.9845519661903381,0.012251777574419975,0.0031962315551936626
id_lbjlqtfqnu.jpg,0.9999957084655762,2.1183293483773014e-06,2.153843979613157e-06
id_lbqdy2fu1g.jpg,1.152298750639602e-06,0.9999982118606567,5.810007905893144e-07
id_lc3j081r9f.jpg,0.999921441078186,6.932438554940745e-05,9.234307071892545e-06
id_lchpusu9hv.jpg,0.0012180659687146544,0.9979795813560486,0.0008023690897971392
id_ld9azbrkn0.jpg,9.044827493198682e-06,0.9999874830245972,3.425157274250523e-06
id_le0b7a02hg.jpg,0.9266870021820068,0.019437840208411217,0.0538751594722271
id_lfz4f0u3hl.jpg,0.9998544454574585,0.00014539265248458833,8.343238988572921e-08
id_lh6c61f5cd.jpg,0.9973466396331787,0.002344382693991065,0.0003090055542998016
id_lhb8r8cqll.jpg,0.39328649640083313,0.4257233440876007,0.18099020421504974
id_lmj087tm0f.jpg,0.19919553399085999,0.7984586954116821,0.002345725428313017
id_lmxozg8vh1.jpg,4.978444485459477e-05,0.9999336004257202,1.6615440472378395e-05
id_ln1lgvlclh.jpg,0.040213678032159805,0.9597856402397156,7.332191671594046e-07
id_lox3edb73y.jpg,0.9909858703613281,0.005568249151110649,0.0034458767622709274
id_lpf5rf5cef.jpg,0.9999998807907104,1.65378438055086e-07,3.386518798720317e-08
id_lr01knxejc.jpg,0.9977452158927917,0.0002747930120676756,0.0019800092559307814
id_lre8xfj5a5.jpg,0.00028472536359913647,0.5271560549736023,0.47255924344062805
id_lupvfru1s3.jpg,0.9837931990623474,0.0018459927523508668,0.014360793866217136
id_lvihm9ksl3.jpg,0.9996275901794434,0.0001332444662693888,0.00023922050604596734
id_lvnaamsyes.jpg,0.0013768806820735335,6.808213947806507e-05,0.9985550045967102
id_lvu5creqox.jpg,0.9767889976501465,0.021602502092719078,0.0016085623065009713
id_lx3fzn27ya.jpg,0.9793493151664734,0.02018054388463497,0.000470137398224324
id_lyzus2duc9.jpg,0.5032519102096558,0.4706593453884125,0.026088735088706017
id_m08l0bla1p.jpg,0.9999957084655762,4.193472250335617e-06,1.711196944143012e-07
id_m0btlwtdyj.jpg,0.8897660970687866,0.10362809896469116,0.006605883128941059
id_m13laeeafg.jpg,5.081434665044071e-06,0.9996392726898193,0.00035563696292228997
id_m1kfohhpam.jpg,0.9998979568481445,5.216880890657194e-05,4.9852369556901976e-05
id_m3dj7pcsfm.jpg,0.004231498576700687,0.9949358701705933,0.0008325980161316693
id_m4jaqnvn4e.jpg,8.142838487401605e-05,0.0007992305909283459,0.9991193413734436
id_m6zfhhia8f.jpg,2.9733633709838614e-05,0.0017717205919325352,0.9981985688209534
id_m7symjqnxf.jpg,0.00010298850975232199,0.9998757839202881,2.1181836928008124e-05
id_m9iq8hfhmn.jpg,0.9999960660934448,3.888514129357645e-06,5.7237752315586476e-08
id_madejx2dsj.jpg,0.9998100399971008,4.7898440243443474e-05,0.00014206940250005573
id_mcfzxboyyi.jpg,0.10160364210605621,0.8616421222686768,0.036754243075847626
id_meaye9157o.jpg,0.00026993389474228024,0.001086950534954667,0.9986432194709778
id_mi7nha96fs.jpg,0.9999014139175415,4.363533662399277e-06,9.410714847035706e-05
id_miqvo2w7sn.jpg,0.01178951095789671,0.9355249404907227,0.05268554389476776
id_mjhv8d9dvy.jpg,0.9981561303138733,0.0016337038250640035,0.00021012360230088234
id_ml4dl8w166.jpg,0.058776795864105225,0.20152157545089722,0.7397016286849976
id_ml6n0ko1v7.jpg,0.09253955632448196,0.8871828317642212,0.020277664065361023
id_mmi9s5q2mv.jpg,0.9998099207878113,2.9193291993578896e-05,0.00016095636237878352
id_mo3bdi0ypm.jpg,0.9998867511749268,7.409630779875442e-05,3.906224446836859e-05
id_mokkj027bd.jpg,0.0002041999250650406,0.9989660978317261,0.0008297633030451834
id_mor6m75cmr.jpg,0.963351845741272,0.0020286834333091974,0.03461947292089462
id_mpcuoyvsqq.jpg,0.9903265833854675,0.009635088965296745,3.839104829239659e-05
id_mq9704t67z.jpg,0.9763548970222473,0.020831996574997902,0.0028130309656262398
id_mqnbanp0gs.jpg,0.007994059473276138,0.9917998909950256,0.00020608051272574812
id_mqz6zwqb19.jpg,2.9897453714511357e-05,6.18233680143021e-05,0.9999082088470459
id_mrjmlw7bim.jpg,0.9967848062515259,0.0005760992062278092,0.002639110665768385
id_mruj8kcxvq.jpg,3.9837362919570296e-07,0.9999996423721313,1.6929376789320827e-09
id_msy5wmjs0c.jpg,2.090191082970705e-05,0.9999600648880005,1.9005996364285238e-05
id_mtvik21wb4.jpg,0.0006602203939110041,0.9993199110031128,1.9864211935782805e-05
id_muy3sik0t3.jpg,0.9890934228897095,0.003234080970287323,0.007672435138374567
id_mwtb56vqrl.jpg,0.11823364347219467,0.8483604192733765,0.03340591862797737
id_myal68lj94.jpg,0.9222798347473145,0.06344316154718399,0.014277003705501556
id_n0x5st1b03.jpg,0.07441192865371704,0.9255228638648987,6.5188629378099e-05
id_n3eoeebe44.jpg,0.0796716958284378,5.807415072922595e-05,0.9202703237533569
id_n4o5bhml2e.jpg,8.55585967656225e-05,2.0182695152470842e-05,0.9998942613601685
id_n92kd0fyhy.jpg,0.000776430475525558,0.10552384704351425,0.8936997056007385
id_na7j7fjjo2.jpg,0.9689647555351257,0.006523412186652422,0.024511775001883507
id_ne6li8rhp1.jpg,1.412295205227565e-06,0.999951958656311,4.665933738579042e-05
id_nemier4hyh.jpg,7.202449978649383e-06,0.999893069267273,9.97603201540187e-05
id_nf4i1zkwzw.jpg,0.8169782161712646,0.09784053266048431,0.08518128842115402
id_nk0q1tl98l.jpg,0.0002995298127643764,8.855875057633966e-05,0.9996119141578674
id_nk1if6d55n.jpg,0.999993085861206,6.315998234640574e-06,5.541646714846138e-07
id_nklzok5d8k.jpg,0.9998356103897095,3.937410895105131e-07,0.00016402688925154507
id_nn1llkv5gv.jpg,0.0012186355888843536,0.9934644103050232,0.005316967144608498
id_nnufk51f82.jpg,1.355293807137059e-05,0.023925382643938065,0.9760611057281494
id_nodua32bev.jpg,8.959183469414711e-05,6.846804899396375e-05,0.9998419284820557
id_noq73td865.jpg,1.1627618050624733e-06,0.9999984502792358,4.4283379452281224e-07
id_np3eck4ztu.jpg,0.17147168517112732,0.28546133637428284,0.5430669784545898
id_npob4lecs8.jpg,0.05656604841351509,0.3812754154205322,0.5621585845947266
id_nq7a83plut.jpg,0.9991279244422913,6.398040568456054e-05,0.0008080716361291707
id_nr0y6saehj.jpg,0.8842551708221436,0.003496654564514756,0.11224820464849472
id_nr3m89kokp.jpg,2.3230622900882736e-06,0.9999938011169434,3.9312662920565344e-06
id_nr47vmf0y6.jpg,0.9997007846832275,0.00019120103388559073,0.00010809319792315364
id_nradve23p3.jpg,0.5085638761520386,0.4906446039676666,0.000791499565821141
id_nrhzrkxu90.jpg,8.882189285941422e-05,0.9998693466186523,4.184587669442408e-05
id_ns1z8jq194.jpg,0.4385436475276947,0.04067911580204964,0.5207772254943848
id_ns220uzcsi.jpg,0.9947409629821777,0.0016684841830283403,0.003590536303818226
id_ntps3uhxsl.jpg,5.577811680268496e-05,0.04589548707008362,0.954048752784729
id_nvepupqkuu.jpg,0.9564101099967957,0.043462999165058136,0.0001269118656637147
id_nx75sns47n.jpg,0.9700989723205566,0.028507424518465996,0.0013936796458438039
id_nxyktb0riq.jpg,0.9961813688278198,0.0035522105172276497,0.00026652225642465055
id_o02okrgkei.jpg,0.8184800148010254,0.025547051802277565,0.1559729427099228
id_o40xq2l8vb.jpg,0.0090455561876297,0.9004226922988892,0.09053178876638412
id_o6brmp5kkp.jpg,2.176989823965414e-07,0.9999715089797974,2.8218888473929837e-05
id_o7xwecuwbg.jpg,0.28295832872390747,0.7078842520713806,0.009157453663647175
id_o92bfuokl9.jpg,0.1177598237991333,0.5317391753196716,0.35050100088119507
id_oait28jynd.jpg,0.9999995231628418,1.4575595841392897e-08,5.151057393959491e-07
id_oarwlp7sl8.jpg,0.9999843835830688,4.599106887326343e-06,1.1015757991117425e-05
id_ob08w0ebm1.jpg,0.9999005794525146,9.583101200405508e-05,3.5590160223364364e-06
id_ob71w2bnop.jpg,0.0017785396194085479,0.998096764087677,0.000124681435409002
id_obzycw4cg5.jpg,0.001089242985472083,0.9979397654533386,0.000970951106864959
id_ogbefjp72r.jpg,0.02237055078148842,4.5995893742656335e-05,0.9775834083557129
id_oh2que39wy.jpg,0.9558486342430115,0.043499238789081573,0.0006521121831610799
id_oh94ko477a.jpg,1.5250218154960749e-07,0.9999998807907104,8.891806402289149e-09
id_ohz8x56i79.jpg,0.1083727478981018,0.8881040215492249,0.0035232296213507652
id_oli1uj1las.jpg,0.00024238369951490313,0.9996956586837769,6.19760321569629e-05
id_om3a8xve6l.jpg,3.2238533549389103e-06,0.0002994266105815768,0.9996973276138306
id_om7ytfcpls.jpg,0.001470472663640976,0.9880675077438354,0.010462025180459023
id_oo1mx5ymtk.jpg,0.989062488079071,0.00540773244574666,0.005529765505343676
id_oohww1e3aa.jpg,0.9997935891151428,3.655343618902407e-07,0.00020612227672245353
id_or2qbpuujw.jpg,0.8911393880844116,0.043778643012046814,0.06508196890354156
id_or8godvlwx.jpg,0.9461970329284668,0.022158047184348106,0.031644996255636215
id_ou8pq1hzwd.jpg,0.9970906972885132,0.001324662589468062,0.0015847333706915379
id_ouq03n3opt.jpg,0.02399556152522564,0.9753499031066895,0.0006545812357217073
id_oxcs1wnblk.jpg,2.283026745431016e-08,1.0,3.504977197366088e-09
id_oxz95d1qnm.jpg,0.9994545578956604,9.84639918897301e-05,0.00044702229206450284
id_oyytkl3oa0.jpg,0.047899529337882996,0.9235121607780457,0.02858838252723217
id_ozjffwap45.jpg,1.1023591468983795e-05,0.9999877214431763,1.2196901479910593e-06
id_p13pqhe04f.jpg,0.9984790682792664,0.0003074833657592535,0.0012135355500504375
id_p3bpzqhhit.jpg,0.9999963045120239,2.9999985144968377e-06,7.095147225300025e-07
id_p47lz1d5up.jpg,0.9310747385025024,0.04468650370836258,0.024238770827651024
id_p6y4n6vn5e.jpg,5.5115961004048586e-05,0.9969672560691833,0.0029776503797620535
id_p7z5t8nr7f.jpg,6.6973107095691375e-06,3.2859294151421636e-05,0.9999604225158691
id_p974tike4b.jpg,0.0004815947322640568,0.0013754230458289385,0.9981430768966675
id_pck11u93dn.jpg,0.0019593772012740374,0.021865157410502434,0.9761753678321838
id_pdmpgo51zf.jpg,4.581870598485693e-05,0.9995040893554688,0.00045011902693659067
id_phv3e7s9vd.jpg,0.9996923208236694,4.859757245867513e-05,0.0002590283111203462
id_phxagy4y6s.jpg,6.401877908501774e-05,0.03541294112801552,0.9645230174064636
id_pife8wip0b.jpg,0.9999934434890747,1.4076300658416585e-06,5.117643922858406e-06
id_pn7y6g0hjp.jpg,2.5136005206150003e-05,3.667916826088913e-05,0.9999381303787231
id_pntkpy57se.jpg,0.001470472663640976,0.9880675077438354,0.010462025180459023
id_pp24w882ur.jpg,0.013391855172812939,0.0008708426030352712,0.9857373237609863
id_ppdr0gmt9d.jpg,0.00040868521318770945,0.9992852807044983,0.00030600704485550523
id_pqj40ezo84.jpg,0.0971929281949997,0.9015821814537048,0.001224867650307715
id_psaye5bbmy.jpg,4.733933110401267e-06,0.9997953772544861,0.00019992348097730428
id_puhujcukah.jpg,0.9734687209129333,0.007399602793157101,0.019131693989038467
id_pwgy33mr4b.jpg,0.5433136224746704,0.3977678418159485,0.05891856551170349
id_pwn5e9e1p7.jpg,0.9990395903587341,0.0009514550329186022,8.975043783721048e-06
id_pwpzosfvbm.jpg,0.00011772946163546294,0.9987931251525879,0.0010891425190493464
id_px5m0awyjx.jpg,0.8879026174545288,0.006928038317710161,0.10516930371522903
id_pyhcdjz8o8.jpg,0.9997180104255676,0.0002738844486884773,8.11284644441912e-06
id_pyjq5r512g.jpg,0.8846814632415771,0.11390529572963715,0.001413182239048183
id_pzrm28n2bq.jpg,0.9997851252555847,9.328722080681473e-05,0.00012155151489423588
id_q1rjf8ygj8.jpg,0.00707030575722456,0.04308568313717842,0.9498440027236938
id_q2517ryv7t.jpg,1.2511048225860577e-05,0.9997530579566956,0.00023446441628038883
id_q32ayk5adl.jpg,0.002166606253013015,0.0002502256538718939,0.9975831508636475
id_q3wdq35cv5.jpg,0.9999102354049683,6.925818888703361e-05,2.051219780696556e-05
id_q6g4z619ff.jpg,0.9991177916526794,0.0008817224879749119,4.5770255496790924e-07
id_q7dsadfkfp.jpg,0.0011166507611051202,0.5323053002357483,0.46657806634902954
id_q8b3e1az0w.jpg,0.9742096066474915,0.00538237951695919,0.02040807344019413
id_qalbod24ns.jpg,0.0001600820105522871,0.9945825934410095,0.005257321055978537
id_qbwv3fl351.jpg,2.372935341554694e-05,0.9999572038650513,1.9094273739028722e-05
id_qcbd33fhkd.jpg,0.9398933053016663,0.05360807850956917,0.006498589646071196
id_qdw44akx59.jpg,0.0010636363876983523,0.9986528158187866,0.0002835000632330775
id_qdylk3rwsi.jpg,0.9938284754753113,0.00527117308229208,0.0009003893355838954
id_qdzqcr85sb.jpg,0.993736743927002,0.002111325040459633,0.0041518425568938255
id_qetwm61xjq.jpg,0.5499554872512817,0.36252132058143616,0.08752316981554031
id_qh7mb43ea4.jpg,1.5171102631938993e-06,0.999333918094635,0.0006645761313848197
id_qhwsn5sjky.jpg,0.0007172419573180377,0.7877997159957886,0.21148306131362915
id_qjvehdunvp.jpg,0.14869806170463562,0.39703354239463806,0.4542684257030487
id_qm0yihlx8r.jpg,0.9972389936447144,4.6307391130540054e-06,0.002756319474428892
id_qmoz3pj1ki.jpg,0.01684712804853916,0.983141303062439,1.1593644558161031e-05
id_qo5q3bzxum.jpg,0.9998495578765869,5.2622930525103584e-05,9.784958092495799e-05
id_qp60rugwpz.jpg,0.6687536239624023,0.3270098865032196,0.004236509557813406
id_qphv1wsryg.jpg,0.054484084248542786,0.9089587926864624,0.03655711188912392
id_qqtf2q8hqu.jpg,0.999990701675415,8.556460670661181e-06,7.72102225710114e-07
id_qspez4tmne.jpg,0.366832435131073,0.004003554116934538,0.6291640400886536
id_quhj73jw7i.jpg,0.9727223515510559,0.02532031014561653,0.0019573718309402466
id_qv31emc1k3.jpg,0.9999986886978149,3.127123875401594e-07,9.799771305551985e-07
id_qw8eivp436.jpg,0.9999943971633911,3.107102884314372e-06,2.490653741915594e-06
id_qx0p7xr36g.jpg,0.8711623549461365,0.11703237146139145,0.011805225163698196
id_qy87hrslg6.jpg,0.9999949932098389,1.581567410369189e-08,5.01114936923841e-06
id_r0gcaflg0r.jpg,0.01431458443403244,0.0005151646328158677,0.9851701855659485
id_r0oxjlww33.jpg,0.9989548921585083,0.0008736048475839198,0.00017143161676358432
id_r1c568gyb7.jpg,0.9944673776626587,0.0013052922440692782,0.004227203316986561
id_r2qh78jyob.jpg,0.35227060317993164,0.10329414159059525,0.5444353222846985
id_r50fyfnzqh.jpg,0.000406610663048923,0.9995928406715393,6.191128818500147e-07
id_r5s3cn4iuq.jpg,0.08674664050340652,0.00315376790240407,0.9100995659828186
id_r84o75bud7.jpg,0.0017214360414072871,0.04488706588745117,0.9533915519714355
id_rb445eugon.jpg,0.9998559951782227,1.5850129784666933e-05,0.00012815308582503349
id_rcx2w5a6g9.jpg,0.00023111584596335888,0.7559133768081665,0.24385547637939453
id_reekwcctmj.jpg,0.9576027989387512,0.04236721619963646,2.9978842576383613e-05
id_rfy3r8jhtk.jpg,0.9998455047607422,0.00014964977162890136,4.7149223973974586e-06
id_rgl13ss505.jpg,0.0017797526670619845,0.9854990243911743,0.01272128988057375
id_rh42otmp8x.jpg,0.9999831914901733,2.2670267298963154e-06,1.4589230886485893e-05
id_rhwaelt77b.jpg,2.2716671992384363e-06,0.9999833106994629,1.4405176443688106e-05
id_rhxyv62mdq.jpg,0.0981992557644844,0.901449978351593,0.0003507435030769557
id_rj02n63kp6.jpg,0.9554994702339172,0.044494908303022385,5.604593752650544e-06
id_rj4wx2zzhp.jpg,0.030883193016052246,0.9684466123580933,0.0006702481186948717
id_rjb0m0kzrs.jpg,4.964412801200524e-05,0.9999454021453857,4.925363555230433e-06
id_rlmqwptg69.jpg,0.965605616569519,0.013128366321325302,0.021266106516122818
id_rlp1zc40tf.jpg,3.436522820265964e-05,0.9999655485153198,9.982773718775206e-08
id_rlryrjw5qt.jpg,0.9684200882911682,0.012728865258395672,0.01885107159614563
id_rnwysctm75.jpg,0.9922595620155334,0.007420419715344906,0.0003199178900104016
id_rqd5qo1lpz.jpg,0.11035869270563126,0.6748613715171814,0.21477992832660675
id_rr09z2xvu4.jpg,0.999788224697113,0.00020509898604359478,6.6630132096179295e-06
id_rr8c6flpv1.jpg,0.9348037242889404,0.06350648403167725,0.0016898533795028925
id_rrbk30r6kh.jpg,4.156966951995855e-06,8.231262472691014e-05,0.9999134540557861
id_rsgpp32hk6.jpg,0.00012808345491066575,0.9984450936317444,0.0014268155209720135
id_rswpjbk5ea.jpg,0.9899537563323975,0.0037176513578742743,0.00632863212376833
id_rycjvmjn4k.jpg,0.9999659061431885,2.541905132602551e-06,3.1601066439179704e-05
id_rykyhtg5c3.jpg,0.996444046497345,0.0035097196232527494,4.626405643648468e-05
id_rzwjplxtyh.jpg,0.0001073186649591662,0.9997649788856506,0.00012774241622537374
id_s0wikiu8hn.jpg,0.9772276282310486,0.02153187431395054,0.0012405997840687633
id_s1av7tc3vw.jpg,6.573646373908559e-07,0.9999992847442627,2.398982701379282e-08
id_s1ddf6gcj2.jpg,0.8831213116645813,0.11018748581409454,0.006691186688840389
id_s4sboy3ozh.jpg,0.9999433755874634,4.377488238560545e-08,5.663499905494973e-05
id_s7wudr4fcb.jpg,0.9993637204170227,2.1916999685345218e-05,0.0006144022336229682
id_s8tnbtoqjb.jpg,0.0021108738146722317,0.004379875957965851,0.9935092329978943
id_s8vc8sbsz5.jpg,0.00041488499846309423,0.9995344877243042,5.0705937610473484e-05
id_s8zflbhuvf.jpg,7.966963312355801e-05,0.994163453578949,0.0057569327764213085
id_s9ewsbgwuh.jpg,1.5156948393268976e-05,0.026478976011276245,0.9735057950019836
id_s9fqnvn2m4.jpg,0.999998927116394,5.478539932823878e-08,1.032569912240433e-06
id_s9udrx90dy.jpg,0.9082417488098145,0.012279167771339417,0.07947902381420135
id_sa5m7o3raa.jpg,8.468757187074516e-06,0.9999675750732422,2.3918859369587153e-05
id_sbwyxqj41t.jpg,0.2647208571434021,0.011499532498419285,0.723779559135437
id_sd3gb6ksxl.jpg,0.9969685673713684,0.0004255391249898821,0.002605871995911002
id_sdbv9gvvrf.jpg,0.9949831962585449,0.005011166911572218,5.528323981707217e-06
id_se3unvvegw.jpg,0.9999717473983765,2.3215252440422773e-06,2.603350549179595e-05
id_sec433h1se.jpg,0.00017828129057306796,0.9998168349266052,4.962592811352806e-06
id_sfr6b6w9ys.jpg,0.9979922771453857,0.001966639421880245,4.104651452507824e-05
id_sfswc1ko1g.jpg,0.9998922348022461,0.00010376232967246324,3.989572633145144e-06
id_sj80vdw1bu.jpg,0.9833717942237854,0.0013879850739613175,0.01524021103978157
id_sjbllalhq7.jpg,0.0017467233119532466,0.9934740662574768,0.004779180511832237
id_snoz9zpjyt.jpg,0.6617296934127808,0.00018627537065185606,0.33808401226997375
id_snuttkxu9g.jpg,0.9231359958648682,0.0766601711511612,0.0002037608646787703
id_sogq5cgbut.jpg,0.7984041571617126,0.0925760269165039,0.10901988297700882
id_soncg0jffg.jpg,0.9997040629386902,0.00028687171288765967,9.064868208952248e-06
id_spsdfjdex9.jpg,0.8043695688247681,0.0006415197858586907,0.1949888914823532
id_sqnzvsbune.jpg,0.9999977350234985,2.148162138837506e-06,7.048020478350736e-08
id_ssg6xiptba.jpg,0.9968295693397522,0.0018065000185742974,0.0013639727840200067
id_ste0oewz55.jpg,0.0011326054809615016,0.05991726368665695,0.9389500617980957
id_sthbo5zefn.jpg,0.0012324827257543802,0.9579116702079773,0.04085586220026016
id_stwwzttsfk.jpg,7.596674549859017e-06,0.9999865293502808,5.876405339222401e-06
id_suwetdb7vd.jpg,0.0010196241782978177,0.000961387122515589,0.9980189800262451
id_swfnvjpg9v.jpg,0.005068909376859665,0.9755388498306274,0.01939222775399685
id_szhbo0igbe.jpg,1.2966771464562044e-05,0.9990848302841187,0.0009022316662594676
id_szljg89lq9.jpg,0.9969015121459961,0.0020005740225315094,0.0010979226790368557
id_t19dc030qz.jpg,0.0023864521645009518,0.986821711063385,0.010791856795549393
id_t37u1133mm.jpg,0.9998144507408142,0.000169760751305148,1.5841387721593492e-05
id_t3ejwleejy.jpg,1.0272974577674177e-05,0.9999402761459351,4.943109524901956e-05
id_t6s3igq9fc.jpg,1.0118693580807303e-06,0.9998739957809448,0.000124964804854244
id_t7nfloqibb.jpg,0.007725388277322054,0.0016026828670874238,0.9906719923019409
id_t8bkohpg52.jpg,4.3584455852396786e-05,0.9999452829360962,1.1178254680999089e-05
id_tbra58cfuq.jpg,0.989567220211029,0.01031433418393135,0.00011842043022625148
id_tcyupvg1y4.jpg,0.9984241724014282,0.0015213039005175233,5.446751674753614e-05
id_tdnddlz0tm.jpg,0.00016424378554802388,0.9980547428131104,0.0017809792188927531
id_tdxkzfymw1.jpg,0.9999901056289673,4.629395334632136e-06,5.18724846187979e-06
id_tdzc8ybddv.jpg,0.9996579885482788,0.00033567234640941024,6.258703251660336e-06
id_tf63upea5a.jpg,0.9999926090240479,5.4737743084842805e-06,1.849908585427329e-06
id_tfkf8byes4.jpg,0.0052408319897949696,0.01147583220154047,0.983283281326294
id_tghs8neuez.jpg,1.5059014231155743e-06,0.9999823570251465,1.6167501598829404e-05
id_tgp7vxu3a8.jpg,3.3047905162675306e-05,0.9999352693557739,3.1721963750896975e-05
id_tgy35ev719.jpg,0.9985723495483398,2.7927651899517514e-05,0.0013996792258694768
id_thxs2qqpqg.jpg,0.0028831802774220705,0.009892519563436508,0.9872243404388428
id_tilxme6mos.jpg,0.9997395873069763,2.4812068659230135e-05,0.00023557315580546856
id_tk5oepc6vw.jpg,0.01108208391815424,0.9878022074699402,0.0011156705440953374
id_tmn0kr41se.jpg,0.9914257526397705,0.0013318684650585055,0.007242337800562382
id_tnpvn0t60n.jpg,0.015733271837234497,0.9238465428352356,0.06042013317346573
id_toiig8o6nt.jpg,0.0005466860020533204,7.504336826968938e-05,0.9993782043457031
id_top4rdz7ty.jpg,0.12055914849042892,0.8790515661239624,0.00038925284752622247
id_tpxmv75riv.jpg,0.5105856657028198,0.14499062299728394,0.34442374110221863
id_tqrg299dxv.jpg,0.9997724890708923,0.00021232906146906316,1.5137839909584727e-05
id_trwdowxes3.jpg,6.460481381509453e-05,0.00027793136541731656,0.9996575117111206
id_tsfwbky6s3.jpg,0.9959982633590698,8.778135088505223e-05,0.003914030268788338
id_tt9qlvvcji.jpg,0.9516319632530212,0.030979374423623085,0.01738874614238739
id_ttp4tztiek.jpg,0.9999594688415527,5.093410209155991e-07,4.0001628804020584e-05
id_ttp67r9gl6.jpg,0.9146742224693298,0.08532022684812546,5.529015197680565e-06
id_tuwlieph08.jpg,0.9421682357788086,0.05727437883615494,0.0005574237438850105
id_tv168ghvxd.jpg,0.4413711130619049,9.024536120705307e-05,0.5585386753082275
id_tvd1vr9c6c.jpg,7.722738359916548e-07,0.9999840259552002,1.5230340977723245e-05
id_tzgwvdjh8y.jpg,3.095800639130175e-05,6.787914026062936e-05,0.9999011754989624
id_u0ubc6531p.jpg,5.554530434892513e-05,0.9999433755874634,1.1018777286153636e-06
id_u18q7ctpk3.jpg,0.9993896484375,0.0004892107681371272,0.00012121108738938347
id_u3ato7u1z2.jpg,0.007461024913936853,0.9777347445487976,0.01480424776673317
id_u3nu82b2w0.jpg,4.438551695784554e-05,0.00031518095056526363,0.9996404647827148
id_u6g8xhcq4v.jpg,0.9989373087882996,0.0005219070590101182,0.0005407807766459882
id_u822p5sq8b.jpg,0.026534222066402435,0.20502722263336182,0.7684385776519775
id_ua9fx7k3g7.jpg,0.9986936450004578,0.0007091221632435918,0.000597337493672967
id_uddlkgvn23.jpg,0.2755313515663147,0.16426576673984528,0.5602028965950012
id_ue490hfcyv.jpg,0.03309651464223862,0.08345789462327957,0.883445680141449
id_ueo95s7inb.jpg,2.022740090978914e-06,0.9999978542327881,1.2836557061746134e-07
id_ufcorwsgqd.jpg,0.09364418685436249,0.8798685669898987,0.026487227529287338
id_ui6swc82vn.jpg,0.05925874412059784,0.9407073259353638,3.395338717382401e-05
id_ujskwrw6bg.jpg,0.9903808236122131,0.009543470107018948,7.573031325591728e-05
id_ukl71eqd1n.jpg,0.9999555349349976,2.3196273104986176e-05,2.1225425371085294e-05
id_ukub3q9emc.jpg,0.9951267242431641,0.0008377254125662148,0.00403555715456605
id_ulyj9e7m79.jpg,0.0011154917301610112,0.9970128536224365,0.0018716690829023719
id_ulzk4p835t.jpg,0.7166217565536499,0.10484451055526733,0.17853380739688873
id_uompu9rj03.jpg,5.26813164469786e-05,0.00019718834664672613,0.9997500777244568
id_uq1acn82ek.jpg,0.2574561536312103,0.0017375971656292677,0.7408062219619751
id_urk774ut2a.jpg,0.00015743428957648575,0.00011943388381041586,0.9997231364250183
id_uutzgouzed.jpg,0.3335224390029907,0.10833799839019775,0.5581395626068115
id_uwg9j6d6u5.jpg,0.00010082965309266001,0.9998987913131714,3.529627861098561e-07
id_uxutpxc599.jpg,0.9997188448905945,0.00023064171546138823,5.056018562754616e-05
id_uxvq5xwulb.jpg,0.8802812695503235,0.1196962222456932,2.2457285012933426e-05
id_uy2i5sgmo1.jpg,0.0005525326705537736,0.9994351267814636,1.2281371709832456e-05
id_v016283wjn.jpg,0.0015270485309883952,0.0001430251431884244,0.9983299374580383
id_v1hlmorp50.jpg,0.10893510282039642,0.8418437242507935,0.0492212288081646
id_v2at6dlgst.jpg,4.873476427746937e-05,0.9973952770233154,0.002556012710556388
id_v3gknb05v8.jpg,3.600367563194595e-05,0.0001468124391976744,0.9998171925544739
id_v3rklm0vbg.jpg,0.9994646906852722,3.265280611230992e-05,0.0005026258295401931
id_v7nbqrhggw.jpg,0.0016038503963500261,0.854333221912384,0.14406296610832214
id_v8grwbidcc.jpg,0.36990711092948914,0.6278277039527893,0.0022652095649391413
id_v919v66exa.jpg,0.014813590794801712,0.008084182627499104,0.9771023392677307
id_v93k3mjxfz.jpg,0.999862551689148,2.2537717086379416e-05,0.00011493298370623961
id_vautp73pum.jpg,0.75186687707901,0.24625487625598907,0.0018783195409923792
id_vawh0j78pi.jpg,2.0656812921515666e-05,0.9991932511329651,0.0007860417244955897
id_venjjlvsdb.jpg,0.4976506233215332,0.48684194684028625,0.015507392585277557
id_vilw006woa.jpg,0.9998313188552856,6.78980941302143e-05,0.00010066048707813025
id_vk3bsqnian.jpg,1.0,4.898943473108375e-08,2.3976074459142183e-08
id_vm95trmrym.jpg,0.9999992847442627,4.05131128644598e-09,7.490368716389639e-07
id_vnp8h2ahwz.jpg,2.75043767032912e-05,0.000606479705311358,0.9993659853935242
id_vnr96k4otc.jpg,0.9987976551055908,2.7071106160292402e-05,0.0011752722784876823
id_vqkscphy17.jpg,0.9499801993370056,0.05001429095864296,5.503505235537887e-06
id_vs50x01pnn.jpg,0.9993298053741455,0.0005681227194145322,0.00010209716128883883
id_vtclbp2q6p.jpg,2.1756581190857105e-05,0.9998069405555725,0.00017133174696937203
id_vud88to52u.jpg,0.0006285907584242523,0.882899284362793,0.11647216230630875
id_vunngzaao0.jpg,0.9999561309814453,1.773932126525324e-05,2.6150721168960445e-05
id_vwi9qf83z5.jpg,0.5557724237442017,0.44406142830848694,0.00016615670756436884
id_vybvadxbeg.jpg,0.5924802422523499,0.40751123428344727,8.449796951026656e-06
id_vyimjd8ozt.jpg,0.9999392032623291,5.401535236160271e-05,6.812189894844778e-06
id_w0qxihth93.jpg,2.289652002218645e-05,0.9999731779098511,3.9079909583961125e-06
id_w0yjhohz11.jpg,0.0035773508716374636,0.6788610219955444,0.31756168603897095
id_w1ej4cs5x4.jpg,0.9998761415481567,0.00012087198410881683,2.9499690299417125e-06
id_w2504mxdan.jpg,0.9995617270469666,7.225321041914867e-06,0.00043104615178890526
id_w2yvcm69k8.jpg,0.00013806250353809446,0.9990315437316895,0.0008304106304422021
id_w3jdvmb9ng.jpg,0.0071173133328557014,0.5476691722869873,0.4452134966850281
id_w3xc9815j2.jpg,0.9983360171318054,0.0009599030017852783,0.000704072299413383
id_w5bhneyqo7.jpg,0.012226029299199581,0.9876068234443665,0.00016708584735170007
id_w6jwojzr9v.jpg,0.9639293551445007,0.0005015373462811112,0.03556901589035988
id_w763tns6e6.jpg,0.00039366193232126534,0.9993662238121033,0.00024011253844946623
id_w86ku2lcm4.jpg,0.9481304883956909,0.0024607914965599775,0.04940875247120857
id_w8p5399l7w.jpg,0.9982303977012634,0.000373577990103513,0.0013961007352918386
id_w99do194z1.jpg,0.999659538269043,0.00031412916723638773,2.633609801705461e-05
id_w9fm3x1my6.jpg,0.0038678504060953856,0.8946564197540283,0.101475790143013
id_w9yf7sq9e9.jpg,0.9985222220420837,0.0008628926007077098,0.0006149267428554595
id_wa5en4qhoh.jpg,0.14211802184581757,0.8494003415107727,0.008481645956635475
id_wb1cl3irf7.jpg,0.9765586853027344,0.010507043451070786,0.012934289872646332
id_we9o2buksi.jpg,0.9998865127563477,1.2126562978664879e-05,0.00010136419587070122
id_wfa94ie2du.jpg,9.435710671823472e-05,2.754086563072633e-05,0.9998780488967896
id_wgak7atnj8.jpg,0.5901432037353516,0.3976685404777527,0.012188236229121685
id_wgv3zrcwav.jpg,0.001473346259444952,0.13435927033424377,0.8641674518585205
id_whbk4vq0xf.jpg,0.3459335267543793,0.4355325698852539,0.21853388845920563
id_whhw9gbfeb.jpg,8.269845420727506e-05,0.999893069267273,2.4235425371443853e-05
id_wi9dejk0b9.jpg,0.9235119223594666,0.009025034494698048,0.06746303290128708
id_wlgd8c7s3z.jpg,0.9941809773445129,0.0019115835893899202,0.00390740716829896
id_wmx7rlrxg0.jpg,0.999893307685852,9.143180795945227e-05,1.5240016182360705e-05
id_wn1325oc1y.jpg,0.0003910392115358263,0.9995908141136169,1.819768476707395e-05
id_wnlql3t1c1.jpg,0.7655223608016968,0.2253110408782959,0.009166542440652847
id_wq18wcp81e.jpg,0.08369383960962296,0.10068599134683609,0.8156201243400574
id_wquw3q3p2z.jpg,0.4687008857727051,0.18216560781002045,0.34913355112075806
id_wqwoxsohdv.jpg,0.4622883200645447,0.5343853831291199,0.0033262986689805984
id_wrukk3s51z.jpg,0.07281046360731125,0.7157111763954163,0.2114783525466919
id_wrw6kgxh4a.jpg,1.0129379006684758e-05,0.9999113082885742,7.853559509385377e-05
id_wsh7t9dxnf.jpg,0.001000503427349031,2.630933522596024e-05,0.9989732503890991
id_wu6jtop7y1.jpg,0.000519926892593503,0.1528576910495758,0.8466224074363708
id_wvb9f6jqxp.jpg,0.004794358275830746,0.0018453911179676652,0.9933602213859558
id_wwo1nsomhj.jpg,0.9995346069335938,1.339219215878984e-05,0.0004520936927292496
id_wwtgdf0p1l.jpg,0.9951954483985901,0.004161259159445763,0.0006431923247873783
id_wxo66wf3gm.jpg,0.9999508857727051,4.714760507340543e-05,1.9619371869339375e-06
id_wyunn3afu3.jpg,5.8458845160203055e-06,0.9995343685150146,0.00045980376307852566
id_wywe3z64s3.jpg,0.041533444076776505,0.9579764604568481,0.0004900660715065897
id_wz36qs2v2y.jpg,0.02123454213142395,0.9784662127494812,0.00029929872835054994
id_wz8mbn9sng.jpg,4.52304448117502e-06,2.496961997167091e-06,0.9999929666519165
id_x001eogutw.jpg,0.9998526573181152,6.107326044002548e-05,8.633146353531629e-05
id_x0nnigif79.jpg,0.01773538999259472,0.16068440675735474,0.8215802311897278
id_x68mjo4xbl.jpg,0.0012151097180321813,0.8633206486701965,0.13546419143676758
id_x791d7hjde.jpg,0.0022748392075300217,0.9977243542671204,7.887117590144044e-07
id_x8841bs8mo.jpg,0.2878320813179016,0.3877945840358734,0.32437336444854736
id_x8c5blrien.jpg,0.9361501336097717,0.05469147115945816,0.009158335626125336
id_x92bjv4m7a.jpg,0.994181215763092,0.0001043362426571548,0.005714508704841137
id_x9fw0j3iqa.jpg,0.037873875349760056,0.9155205488204956,0.04660559445619583
id_xajwlvf7tw.jpg,0.9992665648460388,7.235856901388615e-05,0.0006611519493162632
id_xal0mklwc3.jpg,1.5498470020247623e-05,0.00022210202587302774,0.9997623562812805
id_xb7bivle83.jpg,0.014654982835054398,0.9852204322814941,0.0001246207393705845
id_xbi5xa8pl7.jpg,0.6281481981277466,0.3647501766681671,0.007101642433553934
id_xbpu7rwpog.jpg,0.9999157190322876,4.1132527258014306e-05,4.318251376389526e-05
id_xedjynm8sh.jpg,0.0010299652349203825,0.9989638328552246,6.188688075781101e-06
id_xeu58snvje.jpg,0.9964922070503235,0.003505176166072488,2.599131676106481e-06
id_xg82bhcs72.jpg,0.01242733746767044,0.009076327085494995,0.9784963130950928
id_xgqkcc5npp.jpg,9.373919601785019e-05,0.0076612187549471855,0.9922451376914978
id_xi7r0lr3vt.jpg,2.6211655494989827e-06,1.1699664355546702e-05,0.9999856948852539
id_xiv6fmv4wm.jpg,0.9443416595458984,0.01938706636428833,0.03627122566103935
id_xj1s29redt.jpg,0.985303521156311,0.014263734221458435,0.0004327362694311887
id_xjbzes2q7b.jpg,0.9998966455459595,1.2730813523376128e-06,0.00010208466119365767
id_xl5adfkuw2.jpg,0.9820830821990967,0.017682595178484917,0.00023434044851455837
id_xq8xbgid55.jpg,5.4994849051581696e-05,0.0003128216485492885,0.9996322393417358
id_xr40o03eho.jpg,0.012901091016829014,0.8892020583152771,0.09789686650037766
id_xr9avpzwjz.jpg,0.9818946719169617,0.015267039649188519,0.0028382502496242523
id_xrer1k8ota.jpg,0.9960519671440125,0.0038905530236661434,5.7527224271325395e-05
id_xs96ksjv7k.jpg,0.009641125798225403,0.9901620149612427,0.00019682294805534184
id_xsaeioml0k.jpg,0.221955344080925,0.7780185341835022,2.612333082652185e-05
id_xsdosw4f63.jpg,0.9857603907585144,0.014130374416708946,0.00010922761430265382
id_xuhsdgid5q.jpg,0.9969301819801331,0.002880174433812499,0.00018966478819493204
id_xuygfg2sp3.jpg,0.97870272397995,0.020473601296544075,0.0008236619178205729
id_xy6orpo8zf.jpg,0.9993382096290588,3.25114669976756e-05,0.0006292159087024629
id_y1o2x9smtx.jpg,0.9999963045120239,2.9999985144968377e-06,7.095147225300025e-07
id_y25rtqtb7t.jpg,0.9995872378349304,7.370928506134078e-05,0.0003390494384802878
id_y4yz1jk5r1.jpg,0.9999995231628418,3.7698052324230957e-07,1.1095961127693954e-07
id_y56i8gbqm7.jpg,0.00018409141921438277,0.0006390823400579393,0.9991768002510071
id_y5ukefbcps.jpg,0.9857736229896545,0.0010860549518838525,0.013140350580215454
id_y75fvp3yr1.jpg,0.00030123224132694304,3.374517473275773e-05,0.9996650218963623
id_y7mqirxdv8.jpg,0.9994916915893555,0.00029141909908503294,0.00021687615662813187
id_y82ho9id89.jpg,0.9994753003120422,0.00038122263504192233,0.00014341801579575986
id_y8rq551j3m.jpg,0.0004592650511767715,0.9977037310600281,0.0018370180623605847
id_yc5lf1k1ns.jpg,0.32244327664375305,0.07899679988622665,0.5985599160194397
id_yciny6gykn.jpg,0.9813234210014343,0.0164423119276762,0.002234214451164007
id_yfbqkw1ymg.jpg,0.035571906715631485,0.9527260661125183,0.011702039279043674
id_yfppsjq33j.jpg,0.9979128241539001,0.0012563294731080532,0.0008308250107802451
id_yhji67eb9c.jpg,1.6012187415981316e-06,0.9999982118606567,1.871452752766345e-07
id_yies2kffo9.jpg,0.8634940385818481,0.13042090833187103,0.0060850935988128185
id_yijkuvg4c6.jpg,0.003967945463955402,0.857119619846344,0.13891243934631348
id_yjme0wt3ne.jpg,0.8840282559394836,0.020332669839262962,0.09563908725976944
id_ykwjcm7qqr.jpg,0.9688392281532288,0.0025900318287312984,0.02857070043683052
id_yl7mb6baap.jpg,0.9994378685951233,0.0003164505760651082,0.0002457169466651976
id_yl85vi7fal.jpg,1.0128501344297547e-05,0.9999867677688599,3.0451876682491275e-06
id_ym9mzaewzx.jpg,0.47956278920173645,0.03394282981753349,0.4864943325519562
id_ymd931nw1w.jpg,4.929220267513301e-06,0.9994599223136902,0.0005352005828171968
id_yny73gm4c4.jpg,0.9259334802627563,0.06722433865070343,0.006842259783297777
id_yo4h7crinn.jpg,4.903109584120102e-05,0.827163577079773,0.17278747260570526
id_ys8pl8iwuj.jpg,0.9976078271865845,0.0015869326889514923,0.0008052332559600472
id_ysjhxc0kpv.jpg,0.08010412007570267,0.005596952047199011,0.9142988920211792
id_ytwkt162q6.jpg,7.264447049237788e-05,0.9999263286590576,1.0299793302692706e-06
id_yuo2xlbzs9.jpg,0.9993010759353638,4.634320066543296e-05,0.0006526273209601641
id_yz8m2zc7mn.jpg,0.9887004494667053,0.01060385350137949,0.000695724505931139
id_z0di3urhd3.jpg,0.08922573924064636,0.9020482897758484,0.008725958876311779
id_z405c8vwbs.jpg,0.3585743010044098,0.6385291814804077,0.0028965664096176624
id_z4ra6bl1u5.jpg,0.9979745745658875,0.0019607609137892723,6.476601265603676e-05
id_z9o3yg7icv.jpg,0.00018180691404268146,4.9391288484912366e-05,0.9997689127922058
id_z9vpagzd8d.jpg,7.248984729812946e-06,2.2596848339162534e-06,0.9999904632568359
id_ze7kusje5k.jpg,0.9984050393104553,0.0010096261976286769,0.0005853241309523582
id_zezswf7mgc.jpg,2.2986105250311084e-05,0.9998869895935059,9.001286525744945e-05
id_zf23xyc4tp.jpg,0.8548570275306702,9.712713108456228e-06,0.14513327181339264
id_zirhmvpnxr.jpg,3.8588418647123035e-06,0.9999922513961792,3.9040978663251735e-06
id_zjttmksblf.jpg,0.0001511801965534687,0.9993535876274109,0.0004952518502250314
id_zlht6gd0y2.jpg,0.13364854454994202,0.054045356810092926,0.8123061060905457
id_zll75i7pth.jpg,5.905634316150099e-05,0.9999237060546875,1.728521237964742e-05
id_zot2kkt61p.jpg,0.0002018290979322046,0.9968404769897461,0.0029576655942946672
id_zppfrdno2o.jpg,0.08528245985507965,0.09069247543811798,0.82402503490448
id_zqw38plmbv.jpg,0.8549426794052124,0.12890435755252838,0.016152968630194664
id_zrdlgjrq3r.jpg,6.150380795588717e-05,0.14666932821273804,0.853269100189209
id_zsfayxwipp.jpg,3.49528659171483e-06,0.9999898672103882,6.586042673006887e-06
id_ztvp2l9k3h.jpg,0.44150030612945557,0.430625855922699,0.12787389755249023
id_zwwcma7hlt.jpg,0.997992753982544,0.000789530691690743,0.0012177522294223309
id_zyo7m4fj8h.jpg,0.16960914433002472,0.0008721326594240963,0.8295186758041382
